/Users/user/AI創作工房/soul-voice-teller/examples/habits-01/草稿/draft_01-02_書く前の口.md	7	組む
/Users/user/AI創作工房/soul-voice-teller/examples/habits-01/草稿/draft_01-02_書く前の口.md	9	組む
/Users/user/AI創作工房/soul-voice-teller/examples/habits-01/草稿/draft_01-02_書く前の口.md	13	組む
/Users/user/AI創作工房/soul-voice-teller/examples/habits-01/草稿/draft_01-02_書く前の口.md	17	組む
/Users/user/AI創作工房/soul-voice-teller/examples/habits-01/草稿/draft_01-02_書く前の口.md	21	組む
/Users/user/AI創作工房/soul-voice-teller/examples/habits-01/草稿/draft_01-02_書く前の口.md	25	組む
/Users/user/AI創作工房/soul-voice-teller/examples/habits-01/草稿/draft_01-02_書く前の口.md	29	組む
/Users/user/AI創作工房/soul-voice-teller/examples/habits-01/草稿/draft_01-02_書く前の口.md	33	組む
/Users/user/AI創作工房/soul-voice-teller/examples/habits-01/草稿/draft_01-02_書く前の口.md	37	組む
/Users/user/AI創作工房/soul-voice-teller/examples/habits-01/草稿/draft_01-02_書く前の口.md	41	組む
/Users/user/AI創作工房/soul-voice-teller/examples/habits-01/草稿/draft_01-02_書く前の口.md	47	組む
/Users/user/AI創作工房/soul-voice-teller/examples/habits-01/草稿/draft_01-02_書く前の口.md	49	組む
/Users/user/AI創作工房/soul-voice-teller/examples/habits-01/草稿/draft_01-02_書く前の口.md	51	組む
/Users/user/AI創作工房/soul-voice-teller/examples/habits-01/草稿/draft_01-02_書く前の口.md	55	組む
/Users/user/AI創作工房/soul-voice-teller/examples/habits-01/草稿/draft_01-02_書く前の口.md	59	組む
/Users/user/AI創作工房/soul-voice-teller/examples/habits-01/草稿/draft_01-02_書く前の口.md	63	組む
/Users/user/AI創作工房/soul-voice-teller/examples/habits-01/草稿/draft_01-02_書く前の口.md	65	組む
/Users/user/AI創作工房/soul-voice-teller/examples/habits-01/草稿/draft_01-02_書く前の口.md	69	組む
/Users/user/AI創作工房/soul-voice-teller/examples/habits-01/草稿/draft_01-02_書く前の口.md	73	組む
/Users/user/AI創作工房/soul-voice-teller/examples/habits-01/草稿/draft_01-02_書く前の口.md	77	組む
/Users/user/AI創作工房/soul-voice-teller/examples/habits-01/草稿/draft_01-02_書く前の口.md	79	組む
/Users/user/AI創作工房/soul-voice-teller/examples/habits-01/草稿/draft_01-02_書く前の口.md	83	組む
/Users/user/AI創作工房/soul-voice-teller/examples/habits-01/草稿/draft_01-02_書く前の口.md	85	組む
/Users/user/AI創作工房/soul-voice-teller/examples/habits-01/草稿/draft_01-02_書く前の口.md	89	組む
/Users/user/AI創作工房/soul-voice-teller/examples/habits-01/草稿/draft_01-02_書く前の口.md	91	組む
/Users/user/AI創作工房/soul-voice-teller/examples/habits-01/草稿/draft_01-02_書く前の口.md	95	組む
/Users/user/AI創作工房/soul-voice-teller/examples/habits-01/草稿/draft_01-02_書く前の口.md	99	組む
/Users/user/AI創作工房/soul-voice-teller/examples/habits-01/草稿/draft_01-02_書く前の口.md	103	組む
/Users/user/AI創作工房/soul-voice-teller/examples/habits-01/草稿/draft_01-02_書く前の口.md	105	組む
/Users/user/AI創作工房/soul-voice-teller/examples/habits-01/草稿/draft_01-02_書く前の口.md	107	組む
/Users/user/AI創作工房/soul-voice-teller/examples/habits-01/草稿/draft_01-02_書く前の口.md	111	組む
/Users/user/AI創作工房/soul-voice-teller/examples/habits-01/草稿/draft_01-02_書く前の口.md	115	組む
/Users/user/AI創作工房/soul-voice-teller/examples/habits-01/草稿/draft_01-02_書く前の口.md	119	組む
/Users/user/AI創作工房/soul-voice-teller/examples/habits-01/草稿/draft_01-02_書く前の口.md	121	組む
/Users/user/AI創作工房/soul-voice-teller/examples/habits-01/草稿/draft_01-02_書く前の口.md	125	組む
/Users/user/AI創作工房/soul-voice-teller/examples/habits-01/草稿/draft_01-02_書く前の口.md	127	組む
/Users/user/AI創作工房/soul-voice-teller/examples/habits-01/草稿/draft_01-02_書く前の口.md	131	組む
/Users/user/AI創作工房/soul-voice-teller/examples/habits-01/草稿/draft_01-02_書く前の口.md	135	組む
/Users/user/AI創作工房/soul-voice-teller/examples/habits-01/草稿/draft_01-02_書く前の口.md	139	組む
/Users/user/AI創作工房/soul-voice-teller/examples/habits-01/草稿/draft_01-02_書く前の口.md	141	組む
/Users/user/AI創作工房/soul-voice-teller/examples/habits-01/草稿/draft_01-02_書く前の口.md	145	組む
/Users/user/AI創作工房/soul-voice-teller/examples/habits-01/草稿/draft_01-02_書く前の口.md	149	組む
/Users/user/AI創作工房/soul-voice-teller/examples/habits-01/草稿/draft_01-02_書く前の口.md	151	組む
/Users/user/AI創作工房/soul-voice-teller/examples/habits-01/草稿/draft_01-02_書く前の口.md	155	組む
/Users/user/AI創作工房/soul-voice-teller/examples/habits-01/草稿/draft_01-02_書く前の口.md	159	組む
/Users/user/AI創作工房/soul-voice-teller/examples/habits-01/草稿/draft_01-02_書く前の口.md	163	組む
/Users/user/AI創作工房/soul-voice-teller/examples/habits-01/草稿/draft_01-02_書く前の口.md	167	組む
/Users/user/AI創作工房/soul-voice-teller/examples/habits-01/草稿/draft_01-02_書く前の口.md	173	組む
/Users/user/AI創作工房/soul-voice-teller/examples/habits-01/草稿/draft_01-02_書く前の口.md	175	組む
/Users/user/AI創作工房/soul-voice-teller/examples/habits-01/草稿/draft_01-02_書く前の口.md	179	組む
/Users/user/AI創作工房/soul-voice-teller/examples/habits-01/草稿/draft_01-02_書く前の口.md	183	組む
/Users/user/AI創作工房/soul-voice-teller/examples/habits-01/草稿/draft_01-02_書く前の口.md	187	組む
/Users/user/AI創作工房/soul-voice-teller/examples/habits-01/草稿/draft_01-02_書く前の口.md	189	組む
/Users/user/AI創作工房/soul-voice-teller/examples/habits-01/草稿/draft_01-02_書く前の口.md	193	組む
/Users/user/AI創作工房/soul-voice-teller/examples/habits-01/草稿/draft_01-02_書く前の口.md	197	組む
/Users/user/AI創作工房/soul-voice-teller/examples/habits-01/草稿/draft_01-02_書く前の口.md	201	組む
/Users/user/AI創作工房/soul-voice-teller/examples/habits-01/草稿/draft_01-02_書く前の口.md	203	組む
/Users/user/AI創作工房/soul-voice-teller/examples/habits-01/草稿/draft_01-02_書く前の口.md	205	組む
/Users/user/AI創作工房/soul-voice-teller/examples/habits-01/草稿/draft_01-02_書く前の口.md	209	組む
/Users/user/AI創作工房/soul-voice-teller/examples/habits-01/草稿/draft_01-02_書く前の口.md	213	組む
/Users/user/AI創作工房/soul-voice-teller/examples/habits-01/草稿/draft_01-02_書く前の口.md	215	組む
/Users/user/AI創作工房/soul-voice-teller/examples/habits-01/草稿/draft_01-02_書く前の口.md	217	組む
/Users/user/AI創作工房/soul-voice-teller/examples/habits-01/草稿/draft_01-02_書く前の口.md	221	組む
/Users/user/AI創作工房/soul-voice-teller/examples/habits-01/草稿/draft_01-02_書く前の口.md	225	組む
/Users/user/AI創作工房/soul-voice-teller/examples/habits-01/草稿/draft_01-02_書く前の口.md	229	組む
/Users/user/AI創作工房/soul-voice-teller/examples/habits-01/草稿/draft_01-02_書く前の口.md	233	組む
/Users/user/AI創作工房/soul-voice-teller/examples/habits-01/草稿/draft_01-02_書く前の口.md	235	組む
/Users/user/AI創作工房/soul-voice-teller/examples/habits-01/草稿/draft_01-02_書く前の口.md	249	組む
/Users/user/AI創作工房/soul-voice-teller/examples/habits-01/草稿/draft_01-02_書く前の口.md	253	組む
/Users/user/AI創作工房/soul-voice-teller/examples/habits-01/草稿/draft_01-02_書く前の口.md	259	組む
/Users/user/AI創作工房/soul-voice-teller/examples/habits-01/草稿/draft_01-02_書く前の口.md	267	組む
/Users/user/AI創作工房/soul-voice-teller/examples/habits-01/草稿/draft_01-02_書く前の口.md	271	組む
/Users/user/AI創作工房/soul-voice-teller/examples/habits-01/草稿/draft_01-02_書く前の口.md	281	組む
/Users/user/AI創作工房/soul-voice-teller/examples/habits-01/草稿/draft_01-02_書く前の口.md	283	組む
/Users/user/AI創作工房/soul-voice-teller/examples/habits-01/草稿/draft_01-02_書く前の口.md	287	組む
/Users/user/AI創作工房/soul-voice-teller/examples/habits-01/草稿/draft_01-02_書く前の口.md	289	組む
/Users/user/AI創作工房/soul-voice-teller/examples/habits-01/草稿/draft_01-02_書く前の口.md	295	組む
/Users/user/AI創作工房/soul-voice-teller/examples/habits-01/草稿/draft_01-02_書く前の口.md	297	組む
/Users/user/AI創作工房/soul-voice-teller/examples/habits-01/草稿/draft_01-02_書く前の口.md	301	組む
/Users/user/AI創作工房/soul-voice-teller/examples/habits-01/草稿/draft_01-02_書く前の口.md	305	組む
/Users/user/AI創作工房/soul-voice-teller/examples/habits-01/草稿/draft_01-02_書く前の口.md	309	組む
/Users/user/AI創作工房/soul-voice-teller/examples/habits-01/草稿/draft_01-02_書く前の口.md	313	組む
/Users/user/AI創作工房/soul-voice-teller/examples/habits-01/草稿/draft_01-02_書く前の口.md	317	組む
/Users/user/AI創作工房/soul-voice-teller/examples/habits-01/草稿/draft_01-02_書く前の口.md	321	組む
/Users/user/AI創作工房/soul-voice-teller/examples/habits-01/草稿/draft_01-02_書く前の口.md	325	組む
/Users/user/AI創作工房/soul-voice-teller/examples/habits-01/草稿/draft_01-02_書く前の口.md	327	組む
/Users/user/AI創作工房/soul-voice-teller/examples/habits-01/草稿/draft_01-02_書く前の口.md	331	組む
/Users/user/AI創作工房/soul-voice-teller/examples/habits-01/草稿/draft_01-02_書く前の口.md	335	組む
/Users/user/AI創作工房/soul-voice-teller/examples/habits-01/草稿/draft_01-02_書く前の口.md	337	組む
/Users/user/AI創作工房/soul-voice-teller/examples/habits-01/草稿/draft_01-02_書く前の口.md	341	組む
/Users/user/AI創作工房/soul-voice-teller/examples/habits-01/草稿/draft_01-02_書く前の口.md	343	組む
/Users/user/AI創作工房/soul-voice-teller/examples/habits-01/草稿/draft_01-02_書く前の口.md	345	組む
/Users/user/AI創作工房/soul-voice-teller/examples/habits-01/草稿/draft_01-02_書く前の口.md	349	組む
/Users/user/AI創作工房/soul-voice-teller/examples/habits-01/草稿/draft_01-02_書く前の口.md	353	組む
/Users/user/AI創作工房/soul-voice-teller/examples/habits-01/草稿/draft_01-02_書く前の口.md	359	組む
/Users/user/AI創作工房/soul-voice-teller/examples/habits-01/草稿/draft_01-02_書く前の口.md	361	組む
/Users/user/AI創作工房/soul-voice-teller/examples/habits-01/草稿/draft_01-02_書く前の口.md	365	組む
/Users/user/AI創作工房/soul-voice-teller/examples/habits-01/草稿/draft_01-02_書く前の口.md	371	組む
/Users/user/AI創作工房/soul-voice-teller/examples/habits-01/草稿/draft_01-02_書く前の口.md	375	組む
/Users/user/AI創作工房/soul-voice-teller/examples/habits-01/草稿/draft_01-02_書く前の口.md	379	組む
/Users/user/AI創作工房/soul-voice-teller/examples/habits-01/草稿/draft_01-02_書く前の口.md	381	組む
/Users/user/AI創作工房/soul-voice-teller/examples/habits-01/草稿/draft_01-02_書く前の口.md	383	組む
/Users/user/AI創作工房/soul-voice-teller/examples/habits-01/草稿/draft_01-02_書く前の口.md	387	組む
/Users/user/AI創作工房/soul-voice-teller/examples/habits-01/草稿/draft_01-02_書く前の口.md	389	組む
/Users/user/AI創作工房/soul-voice-teller/examples/habits-01/草稿/draft_01-02_書く前の口.md	395	組む
/Users/user/AI創作工房/soul-voice-teller/examples/habits-01/草稿/draft_01-02_書く前の口.md	399	組む
/Users/user/AI創作工房/soul-voice-teller/examples/habits-01/草稿/draft_01-02_書く前の口.md	403	組む
/Users/user/AI創作工房/soul-voice-teller/examples/habits-01/草稿/draft_01-02_書く前の口.md	407	組む
/Users/user/AI創作工房/soul-voice-teller/examples/habits-01/草稿/draft_01-02_書く前の口.md	411	組む
/Users/user/AI創作工房/soul-voice-teller/examples/habits-01/草稿/draft_01-02_書く前の口.md	415	組む
/Users/user/AI創作工房/soul-voice-teller/examples/habits-01/草稿/draft_01-02_書く前の口.md	419	組む
/Users/user/AI創作工房/soul-voice-teller/examples/habits-01/草稿/draft_01-02_書く前の口.md	425	組む
/Users/user/AI創作工房/soul-voice-teller/examples/habits-01/草稿/draft_01-02_書く前の口.md	427	組む
/Users/user/AI創作工房/soul-voice-teller/examples/habits-01/草稿/draft_01-02_書く前の口.md	431	組む
/Users/user/AI創作工房/soul-voice-teller/examples/habits-01/草稿/draft_01-02_書く前の口.md	435	組む
/Users/user/AI創作工房/soul-voice-teller/examples/habits-01/草稿/draft_01-02_書く前の口.md	439	組む
/Users/user/AI創作工房/soul-voice-teller/examples/habits-01/草稿/draft_01-02_書く前の口.md	443	組む
/Users/user/AI創作工房/soul-voice-teller/examples/habits-01/草稿/draft_01-02_書く前の口.md	445	組む
/Users/user/AI創作工房/soul-voice-teller/examples/habits-01/草稿/draft_01-02_書く前の口.md	447	組む
/Users/user/AI創作工房/soul-voice-teller/examples/habits-01/草稿/draft_01-02_書く前の口.md	451	組む
/Users/user/AI創作工房/soul-voice-teller/examples/habits-01/草稿/draft_01-02_書く前の口.md	455	組む
/Users/user/AI創作工房/soul-voice-teller/examples/habits-01/草稿/draft_01-02_書く前の口.md	457	組む
/Users/user/AI創作工房/soul-voice-teller/examples/habits-01/草稿/draft_01-02_書く前の口.md	463	組む
/Users/user/AI創作工房/soul-voice-teller/examples/habits-01/草稿/draft_01-02_書く前の口.md	467	組む
/Users/user/AI創作工房/soul-voice-teller/examples/habits-01/草稿/draft_01-02_書く前の口.md	473	組む
/Users/user/AI創作工房/soul-voice-teller/examples/habits-01/草稿/draft_01-02_書く前の口.md	477	組む
/Users/user/AI創作工房/soul-voice-teller/examples/habits-01/草稿/draft_01-02_書く前の口.md	481	組む
/Users/user/AI創作工房/soul-voice-teller/examples/habits-01/草稿/draft_01-02_書く前の口.md	487	組む
/Users/user/AI創作工房/soul-voice-teller/examples/habits-01/草稿/draft_01-02_書く前の口.md	489	組む
/Users/user/AI創作工房/soul-voice-teller/examples/habits-01/草稿/draft_01-02_書く前の口.md	493	組む
/Users/user/AI創作工房/soul-voice-teller/examples/habits-01/草稿/draft_01-02_書く前の口.md	501	組む
/Users/user/AI創作工房/soul-voice-teller/examples/habits-01/草稿/draft_01-02_書く前の口.md	503	組む
/Users/user/AI創作工房/soul-voice-teller/examples/habits-01/草稿/draft_01-02_書く前の口.md	507	組む
/Users/user/AI創作工房/soul-voice-teller/examples/habits-01/草稿/draft_01-02_書く前の口.md	509	組む
/Users/user/AI創作工房/soul-voice-teller/examples/habits-01/草稿/draft_01-02_書く前の口.md	517	組む
/Users/user/AI創作工房/soul-voice-teller/examples/habits-01/草稿/draft_01-02_書く前の口.md	519	組む
/Users/user/AI創作工房/soul-voice-teller/examples/habits-01/草稿/draft_01-02_書く前の口.md	523	組む
/Users/user/AI創作工房/soul-voice-teller/examples/habits-01/草稿/draft_01-02_書く前の口.md	527	組む
/Users/user/AI創作工房/soul-voice-teller/examples/habits-01/草稿/draft_01-02_書く前の口.md	529	組む
/Users/user/AI創作工房/soul-voice-teller/examples/habits-01/草稿/draft_01-02_書く前の口.md	533	組む
/Users/user/AI創作工房/soul-voice-teller/examples/habits-01/草稿/draft_01-02_書く前の口.md	537	組む
/Users/user/AI創作工房/soul-voice-teller/examples/habits-01/草稿/draft_01-02_書く前の口.md	541	組む
/Users/user/AI創作工房/soul-voice-teller/examples/habits-01/草稿/draft_01-02_書く前の口.md	543	組む
/Users/user/AI創作工房/soul-voice-teller/examples/habits-01/草稿/draft_01-02_書く前の口.md	547	組む
/Users/user/AI創作工房/soul-voice-teller/examples/habits-01/草稿/draft_01-02_書く前の口.md	549	組む
/Users/user/AI創作工房/soul-voice-teller/examples/habits-01/草稿/draft_01-02_書く前の口.md	555	組む
/Users/user/AI創作工房/soul-voice-teller/examples/habits-01/草稿/draft_01-02_書く前の口.md	557	組む
/Users/user/AI創作工房/soul-voice-teller/examples/habits-01/草稿/draft_01-02_書く前の口.md	561	組む
/Users/user/AI創作工房/soul-voice-teller/examples/habits-01/草稿/draft_01-02_書く前の口.md	565	組む
/Users/user/AI創作工房/soul-voice-teller/examples/habits-01/草稿/draft_01-02_書く前の口.md	567	組む
/Users/user/AI創作工房/soul-voice-teller/examples/habits-01/草稿/draft_01-02_書く前の口.md	569	組む
/Users/user/AI創作工房/soul-voice-teller/examples/habits-01/草稿/draft_01-02_書く前の口.md	573	組む
/Users/user/AI創作工房/soul-voice-teller/examples/habits-01/草稿/draft_01-02_書く前の口.md	577	組む
/Users/user/AI創作工房/soul-voice-teller/examples/habits-01/草稿/draft_01-02_書く前の口.md	579	組む
/Users/user/AI創作工房/soul-voice-teller/examples/habits-01/草稿/draft_01-02_書く前の口.md	583	組む
/Users/user/AI創作工房/soul-voice-teller/examples/habits-01/草稿/draft_01-02_書く前の口.md	585	組む
/Users/user/AI創作工房/soul-voice-teller/examples/habits-01/草稿/draft_01-02_書く前の口.md	595	組む
/Users/user/AI創作工房/soul-voice-teller/examples/habits-01/草稿/draft_01-02_書く前の口.md	597	組む
/Users/user/AI創作工房/soul-voice-teller/examples/habits-01/草稿/draft_01-02_書く前の口.md	601	組む
/Users/user/AI創作工房/soul-voice-teller/examples/habits-01/草稿/draft_01-02_書く前の口.md	605	組む
/Users/user/AI創作工房/soul-voice-teller/examples/habits-01/草稿/draft_01-02_書く前の口.md	607	組む
/Users/user/AI創作工房/soul-voice-teller/examples/habits-01/草稿/draft_01-02_書く前の口.md	611	組む
/Users/user/AI創作工房/soul-voice-teller/examples/habits-01/草稿/draft_01-02_書く前の口.md	613	組む
/Users/user/AI創作工房/soul-voice-teller/examples/habits-01/草稿/draft_01-02_書く前の口.md	615	組む
/Users/user/AI創作工房/soul-voice-teller/examples/habits-01/草稿/draft_01-02_書く前の口.md	619	組む
/Users/user/AI創作工房/soul-voice-teller/examples/habits-01/草稿/draft_01-02_書く前の口.md	623	組む
/Users/user/AI創作工房/soul-voice-teller/examples/habits-01/草稿/draft_01-02_書く前の口.md	625	組む
/Users/user/AI創作工房/soul-voice-teller/examples/habits-01/草稿/draft_01-02_書く前の口.md	629	組む
/Users/user/AI創作工房/soul-voice-teller/examples/habits-01/草稿/draft_01-02_書く前の口.md	633	組む
/Users/user/AI創作工房/soul-voice-teller/examples/habits-01/草稿/draft_01-02_書く前の口.md	637	組む
/Users/user/AI創作工房/soul-voice-teller/examples/habits-01/草稿/draft_01-02_書く前の口.md	641	組む
/Users/user/AI創作工房/soul-voice-teller/examples/habits-01/草稿/draft_01-02_書く前の口.md	643	組む
/Users/user/AI創作工房/soul-voice-teller/examples/habits-01/草稿/draft_01-02_書く前の口.md	647	組む
/Users/user/AI創作工房/soul-voice-teller/examples/habits-01/草稿/draft_01-02_書く前の口.md	651	組む
/Users/user/AI創作工房/soul-voice-teller/examples/habits-01/草稿/draft_01-02_書く前の口.md	655	組む
/Users/user/AI創作工房/soul-voice-teller/examples/habits-01/草稿/draft_01-02_書く前の口.md	657	組む
/Users/user/AI創作工房/soul-voice-teller/examples/habits-01/草稿/draft_01-02_書く前の口.md	659	組む
/Users/user/AI創作工房/soul-voice-teller/examples/habits-01/草稿/draft_01-02_書く前の口.md	661	組む
/Users/user/AI創作工房/soul-voice-teller/examples/habits-01/草稿/draft_01-02_書く前の口.md	665	組む
/Users/user/AI創作工房/soul-voice-teller/examples/habits-01/草稿/draft_01-02_書く前の口.md	667	組む
/Users/user/AI創作工房/soul-voice-teller/examples/habits-01/草稿/draft_01-02_書く前の口.md	673	組む
/Users/user/AI創作工房/soul-voice-teller/examples/habits-01/草稿/draft_01-02_書く前の口.md	675	組む
/Users/user/AI創作工房/soul-voice-teller/examples/habits-01/草稿/draft_01-02_書く前の口.md	679	組む
/Users/user/AI創作工房/soul-voice-teller/examples/habits-01/草稿/draft_01-02_書く前の口.md	681	組む
/Users/user/AI創作工房/soul-voice-teller/examples/habits-01/草稿/draft_01-02_書く前の口.md	685	組む
/Users/user/AI創作工房/soul-voice-teller/examples/habits-01/草稿/draft_01-02_書く前の口.md	689	組む
/Users/user/AI創作工房/soul-voice-teller/examples/habits-01/草稿/draft_01-02_書く前の口.md	693	組む
/Users/user/AI創作工房/soul-voice-teller/examples/habits-01/草稿/draft_01-02_書く前の口.md	695	組む
/Users/user/AI創作工房/soul-voice-teller/examples/habits-01/草稿/draft_01-02_書く前の口.md	699	組む
/Users/user/AI創作工房/soul-voice-teller/examples/habits-01/草稿/draft_01-02_書く前の口.md	703	組む
/Users/user/AI創作工房/soul-voice-teller/examples/habits-01/草稿/draft_01-02_書く前の口.md	707	組む
/Users/user/AI創作工房/soul-voice-teller/examples/habits-01/草稿/draft_01-02_書く前の口.md	711	組む
/Users/user/AI創作工房/soul-voice-teller/examples/habits-01/草稿/draft_01-02_書く前の口.md	713	組む
/Users/user/AI創作工房/soul-voice-teller/examples/habits-01/草稿/draft_01-02_書く前の口.md	717	組む
/Users/user/AI創作工房/soul-voice-teller/examples/habits-01/草稿/draft_01-02_書く前の口.md	719	組む
/Users/user/AI創作工房/soul-voice-teller/examples/habits-01/草稿/draft_01-02_書く前の口.md	723	組む
/Users/user/AI創作工房/soul-voice-teller/examples/habits-01/草稿/draft_01-02_書く前の口.md	725	組む
/Users/user/AI創作工房/soul-voice-teller/examples/habits-01/草稿/draft_01-02_書く前の口.md	729	組む
/Users/user/AI創作工房/soul-voice-teller/examples/habits-01/草稿/draft_01-02_書く前の口.md	731	組む
/Users/user/AI創作工房/soul-voice-teller/examples/habits-01/草稿/draft_01-02_書く前の口.md	735	組む
/Users/user/AI創作工房/soul-voice-teller/examples/habits-01/草稿/draft_01-02_書く前の口.md	739	組む
/Users/user/AI創作工房/soul-voice-teller/examples/habits-01/草稿/draft_01-02_書く前の口.md	743	組む
/Users/user/AI創作工房/soul-voice-teller/examples/habits-01/草稿/draft_01-02_書く前の口.md	745	組む
/Users/user/AI創作工房/soul-voice-teller/examples/habits-01/草稿/draft_01-02_書く前の口.md	749	組む
/Users/user/AI創作工房/soul-voice-teller/examples/habits-01/草稿/draft_01-02_書く前の口.md	753	組む
/Users/user/AI創作工房/soul-voice-teller/examples/habits-01/草稿/draft_01-02_書く前の口.md	755	組む
/Users/user/AI創作工房/soul-voice-teller/examples/habits-01/草稿/draft_01-02_書く前の口.md	759	組む
/Users/user/AI創作工房/soul-voice-teller/examples/habits-01/草稿/draft_01-02_書く前の口.md	763	組む
/Users/user/AI創作工房/soul-voice-teller/examples/habits-01/草稿/draft_01-02_書く前の口.md	765	組む
/Users/user/AI創作工房/soul-voice-teller/examples/habits-01/草稿/draft_01-02_書く前の口.md	767	組む
/Users/user/AI創作工房/soul-voice-teller/examples/habits-01/草稿/draft_01-02_書く前の口.md	771	組む
/Users/user/AI創作工房/soul-voice-teller/examples/habits-01/草稿/draft_01-02_書く前の口.md	773	組む
/Users/user/AI創作工房/soul-voice-teller/examples/habits-01/草稿/draft_01-02_書く前の口.md	777	組む
/Users/user/AI創作工房/soul-voice-teller/examples/habits-01/草稿/draft_01-02_書く前の口.md	779	組む
/Users/user/AI創作工房/soul-voice-teller/examples/habits-01/草稿/draft_01-02_書く前の口.md	783	組む
/Users/user/AI創作工房/soul-voice-teller/examples/habits-01/草稿/draft_01-02_書く前の口.md	785	組む
/Users/user/AI創作工房/soul-voice-teller/examples/habits-01/草稿/draft_01-02_書く前の口.md	789	組む
/Users/user/AI創作工房/soul-voice-teller/examples/habits-01/草稿/draft_01-02_書く前の口.md	791	組む
/Users/user/AI創作工房/soul-voice-teller/examples/habits-01/草稿/draft_01-02_書く前の口.md	793	組む
/Users/user/AI創作工房/soul-voice-teller/examples/habits-01/草稿/draft_01-02_書く前の口.md	797	組む
/Users/user/AI創作工房/soul-voice-teller/examples/habits-01/草稿/draft_01-02_書く前の口.md	799	組む
/Users/user/AI創作工房/soul-voice-teller/examples/habits-01/草稿/draft_01-02_書く前の口.md	803	組む
/Users/user/AI創作工房/soul-voice-teller/examples/habits-01/草稿/draft_01-02_書く前の口.md	805	組む
/Users/user/AI創作工房/soul-voice-teller/examples/habits-01/草稿/draft_01-02_書く前の口.md	809	組む
/Users/user/AI創作工房/soul-voice-teller/examples/habits-01/草稿/draft_01-02_書く前の口.md	813	組む
/Users/user/AI創作工房/soul-voice-teller/examples/habits-01/草稿/draft_01-02_書く前の口.md	815	組む
/Users/user/AI創作工房/soul-voice-teller/examples/habits-01/草稿/draft_01-02_書く前の口.md	817	組む
/Users/user/AI創作工房/soul-voice-teller/examples/habits-01/草稿/draft_01-02_書く前の口.md	821	組む
/Users/user/AI創作工房/soul-voice-teller/examples/habits-01/草稿/draft_01-02_書く前の口.md	825	組む
/Users/user/AI創作工房/soul-voice-teller/examples/habits-01/草稿/draft_01-02_書く前の口.md	827	組む
/Users/user/AI創作工房/soul-voice-teller/examples/habits-01/草稿/draft_01-02_書く前の口.md	829	組む
