/Users/user/AI創作工房/soul-voice-teller/examples/habits-01/草稿/draft_01-01_消さなかった一行.md	5	5
/Users/user/AI創作工房/soul-voice-teller/examples/habits-01/草稿/draft_01-01_消さなかった一行.md	7	5
/Users/user/AI創作工房/soul-voice-teller/examples/habits-01/草稿/draft_01-01_消さなかった一行.md	9	7
/Users/user/AI創作工房/soul-voice-teller/examples/habits-01/草稿/draft_01-01_消さなかった一行.md	11	7
/Users/user/AI創作工房/soul-voice-teller/examples/habits-01/草稿/draft_01-01_消さなかった一行.md	13	9
/Users/user/AI創作工房/soul-voice-teller/examples/habits-01/草稿/draft_01-01_消さなかった一行.md	15	9
/Users/user/AI創作工房/soul-voice-teller/examples/habits-01/草稿/draft_01-01_消さなかった一行.md	17	9
/Users/user/AI創作工房/soul-voice-teller/examples/habits-01/草稿/draft_01-01_消さなかった一行.md	19	11
/Users/user/AI創作工房/soul-voice-teller/examples/habits-01/草稿/draft_01-01_消さなかった一行.md	21	11
/Users/user/AI創作工房/soul-voice-teller/examples/habits-01/草稿/draft_01-01_消さなかった一行.md	23	13
/Users/user/AI創作工房/soul-voice-teller/examples/habits-01/草稿/draft_01-01_消さなかった一行.md	25	13
/Users/user/AI創作工房/soul-voice-teller/examples/habits-01/草稿/draft_01-01_消さなかった一行.md	27	13
/Users/user/AI創作工房/soul-voice-teller/examples/habits-01/草稿/draft_01-01_消さなかった一行.md	29	15
/Users/user/AI創作工房/soul-voice-teller/examples/habits-01/草稿/draft_01-01_消さなかった一行.md	31	15
/Users/user/AI創作工房/soul-voice-teller/examples/habits-01/草稿/draft_01-01_消さなかった一行.md	33	17
/Users/user/AI創作工房/soul-voice-teller/examples/habits-01/草稿/draft_01-01_消さなかった一行.md	35	17
/Users/user/AI創作工房/soul-voice-teller/examples/habits-01/草稿/draft_01-01_消さなかった一行.md	37	19
/Users/user/AI創作工房/soul-voice-teller/examples/habits-01/草稿/draft_01-01_消さなかった一行.md	39	19
/Users/user/AI創作工房/soul-voice-teller/examples/habits-01/草稿/draft_01-01_消さなかった一行.md	41	21
/Users/user/AI創作工房/soul-voice-teller/examples/habits-01/草稿/draft_01-01_消さなかった一行.md	43	21
/Users/user/AI創作工房/soul-voice-teller/examples/habits-01/草稿/draft_01-01_消さなかった一行.md	45	23
/Users/user/AI創作工房/soul-voice-teller/examples/habits-01/草稿/draft_01-01_消さなかった一行.md	47	23
/Users/user/AI創作工房/soul-voice-teller/examples/habits-01/草稿/draft_01-01_消さなかった一行.md	49	25
/Users/user/AI創作工房/soul-voice-teller/examples/habits-01/草稿/draft_01-01_消さなかった一行.md	51	27
/Users/user/AI創作工房/soul-voice-teller/examples/habits-01/草稿/draft_01-01_消さなかった一行.md	53	27
/Users/user/AI創作工房/soul-voice-teller/examples/habits-01/草稿/draft_01-01_消さなかった一行.md	55	29
/Users/user/AI創作工房/soul-voice-teller/examples/habits-01/草稿/draft_01-01_消さなかった一行.md	57	29
/Users/user/AI創作工房/soul-voice-teller/examples/habits-01/草稿/draft_01-01_消さなかった一行.md	59	31
/Users/user/AI創作工房/soul-voice-teller/examples/habits-01/草稿/draft_01-01_消さなかった一行.md	61	31
/Users/user/AI創作工房/soul-voice-teller/examples/habits-01/草稿/draft_01-01_消さなかった一行.md	63	33
/Users/user/AI創作工房/soul-voice-teller/examples/habits-01/草稿/draft_01-01_消さなかった一行.md	65	33
/Users/user/AI創作工房/soul-voice-teller/examples/habits-01/草稿/draft_01-01_消さなかった一行.md	67	35
/Users/user/AI創作工房/soul-voice-teller/examples/habits-01/草稿/draft_01-01_消さなかった一行.md	69	35
/Users/user/AI創作工房/soul-voice-teller/examples/habits-01/草稿/draft_01-01_消さなかった一行.md	71	37
/Users/user/AI創作工房/soul-voice-teller/examples/habits-01/草稿/draft_01-01_消さなかった一行.md	73	37
/Users/user/AI創作工房/soul-voice-teller/examples/habits-01/草稿/draft_01-01_消さなかった一行.md	75	39
/Users/user/AI創作工房/soul-voice-teller/examples/habits-01/草稿/draft_01-01_消さなかった一行.md	77	39
/Users/user/AI創作工房/soul-voice-teller/examples/habits-01/草稿/draft_01-01_消さなかった一行.md	79	39
/Users/user/AI創作工房/soul-voice-teller/examples/habits-01/草稿/draft_01-01_消さなかった一行.md	81	41
/Users/user/AI創作工房/soul-voice-teller/examples/habits-01/草稿/draft_01-01_消さなかった一行.md	83	41
/Users/user/AI創作工房/soul-voice-teller/examples/habits-01/草稿/draft_01-01_消さなかった一行.md	85	41
/Users/user/AI創作工房/soul-voice-teller/examples/habits-01/草稿/draft_01-01_消さなかった一行.md	87	43
/Users/user/AI創作工房/soul-voice-teller/examples/habits-01/草稿/draft_01-01_消さなかった一行.md	89	45
/Users/user/AI創作工房/soul-voice-teller/examples/habits-01/草稿/draft_01-01_消さなかった一行.md	91	45
/Users/user/AI創作工房/soul-voice-teller/examples/habits-01/草稿/draft_01-01_消さなかった一行.md	93	47
/Users/user/AI創作工房/soul-voice-teller/examples/habits-01/草稿/draft_01-01_消さなかった一行.md	95	47
/Users/user/AI創作工房/soul-voice-teller/examples/habits-01/草稿/draft_01-01_消さなかった一行.md	97	49
/Users/user/AI創作工房/soul-voice-teller/examples/habits-01/草稿/draft_01-01_消さなかった一行.md	99	49
/Users/user/AI創作工房/soul-voice-teller/examples/habits-01/草稿/draft_01-01_消さなかった一行.md	101	51
/Users/user/AI創作工房/soul-voice-teller/examples/habits-01/草稿/draft_01-01_消さなかった一行.md	103	51
/Users/user/AI創作工房/soul-voice-teller/examples/habits-01/草稿/draft_01-01_消さなかった一行.md	105	51
/Users/user/AI創作工房/soul-voice-teller/examples/habits-01/草稿/draft_01-01_消さなかった一行.md	107	53
/Users/user/AI創作工房/soul-voice-teller/examples/habits-01/草稿/draft_01-01_消さなかった一行.md	109	53
/Users/user/AI創作工房/soul-voice-teller/examples/habits-01/草稿/draft_01-01_消さなかった一行.md	111	55
/Users/user/AI創作工房/soul-voice-teller/examples/habits-01/草稿/draft_01-01_消さなかった一行.md	113	55
/Users/user/AI創作工房/soul-voice-teller/examples/habits-01/草稿/draft_01-01_消さなかった一行.md	115	57
/Users/user/AI創作工房/soul-voice-teller/examples/habits-01/草稿/draft_01-01_消さなかった一行.md	117	57
/Users/user/AI創作工房/soul-voice-teller/examples/habits-01/草稿/draft_01-01_消さなかった一行.md	119	59
/Users/user/AI創作工房/soul-voice-teller/examples/habits-01/草稿/draft_01-01_消さなかった一行.md	121	59
/Users/user/AI創作工房/soul-voice-teller/examples/habits-01/草稿/draft_01-01_消さなかった一行.md	123	61
/Users/user/AI創作工房/soul-voice-teller/examples/habits-01/草稿/draft_01-01_消さなかった一行.md	125	61
/Users/user/AI創作工房/soul-voice-teller/examples/habits-01/草稿/draft_01-01_消さなかった一行.md	127	61
/Users/user/AI創作工房/soul-voice-teller/examples/habits-01/草稿/draft_01-01_消さなかった一行.md	129	63
/Users/user/AI創作工房/soul-voice-teller/examples/habits-01/草稿/draft_01-01_消さなかった一行.md	131	63
/Users/user/AI創作工房/soul-voice-teller/examples/habits-01/草稿/draft_01-01_消さなかった一行.md	133	63
/Users/user/AI創作工房/soul-voice-teller/examples/habits-01/草稿/draft_01-01_消さなかった一行.md	135	65
/Users/user/AI創作工房/soul-voice-teller/examples/habits-01/草稿/draft_01-01_消さなかった一行.md	137	65
/Users/user/AI創作工房/soul-voice-teller/examples/habits-01/草稿/draft_01-01_消さなかった一行.md	139	65
/Users/user/AI創作工房/soul-voice-teller/examples/habits-01/草稿/draft_01-01_消さなかった一行.md	141	67
/Users/user/AI創作工房/soul-voice-teller/examples/habits-01/草稿/draft_01-01_消さなかった一行.md	143	67
/Users/user/AI創作工房/soul-voice-teller/examples/habits-01/草稿/draft_01-01_消さなかった一行.md	145	67
/Users/user/AI創作工房/soul-voice-teller/examples/habits-01/草稿/draft_01-01_消さなかった一行.md	147	69
/Users/user/AI創作工房/soul-voice-teller/examples/habits-01/草稿/draft_01-01_消さなかった一行.md	149	69
/Users/user/AI創作工房/soul-voice-teller/examples/habits-01/草稿/draft_01-01_消さなかった一行.md	151	69
/Users/user/AI創作工房/soul-voice-teller/examples/habits-01/草稿/draft_01-01_消さなかった一行.md	153	71
/Users/user/AI創作工房/soul-voice-teller/examples/habits-01/草稿/draft_01-01_消さなかった一行.md	155	71
/Users/user/AI創作工房/soul-voice-teller/examples/habits-01/草稿/draft_01-01_消さなかった一行.md	157	71
/Users/user/AI創作工房/soul-voice-teller/examples/habits-01/草稿/draft_01-01_消さなかった一行.md	159	73
/Users/user/AI創作工房/soul-voice-teller/examples/habits-01/草稿/draft_01-01_消さなかった一行.md	161	73
/Users/user/AI創作工房/soul-voice-teller/examples/habits-01/草稿/draft_01-01_消さなかった一行.md	163	73
/Users/user/AI創作工房/soul-voice-teller/examples/habits-01/草稿/draft_01-01_消さなかった一行.md	165	75
/Users/user/AI創作工房/soul-voice-teller/examples/habits-01/草稿/draft_01-01_消さなかった一行.md	167	75
/Users/user/AI創作工房/soul-voice-teller/examples/habits-01/草稿/draft_01-01_消さなかった一行.md	169	75
/Users/user/AI創作工房/soul-voice-teller/examples/habits-01/草稿/draft_01-01_消さなかった一行.md	171	75
/Users/user/AI創作工房/soul-voice-teller/examples/habits-01/草稿/draft_01-01_消さなかった一行.md	173	77
/Users/user/AI創作工房/soul-voice-teller/examples/habits-01/草稿/draft_01-01_消さなかった一行.md	175	77
/Users/user/AI創作工房/soul-voice-teller/examples/habits-01/草稿/draft_01-01_消さなかった一行.md	177	79
/Users/user/AI創作工房/soul-voice-teller/examples/habits-01/草稿/draft_01-01_消さなかった一行.md	179	81
/Users/user/AI創作工房/soul-voice-teller/examples/habits-01/草稿/draft_01-01_消さなかった一行.md	181	83
/Users/user/AI創作工房/soul-voice-teller/examples/habits-01/草稿/draft_01-01_消さなかった一行.md	183	85
/Users/user/AI創作工房/soul-voice-teller/examples/habits-01/草稿/draft_01-01_消さなかった一行.md	185	87
/Users/user/AI創作工房/soul-voice-teller/examples/habits-01/草稿/draft_01-01_消さなかった一行.md	187	87
/Users/user/AI創作工房/soul-voice-teller/examples/habits-01/草稿/draft_01-01_消さなかった一行.md	189	87
/Users/user/AI創作工房/soul-voice-teller/examples/habits-01/草稿/draft_01-01_消さなかった一行.md	191	89
/Users/user/AI創作工房/soul-voice-teller/examples/habits-01/草稿/draft_01-01_消さなかった一行.md	193	91
/Users/user/AI創作工房/soul-voice-teller/examples/habits-01/草稿/draft_01-01_消さなかった一行.md	195	93
/Users/user/AI創作工房/soul-voice-teller/examples/habits-01/草稿/draft_01-01_消さなかった一行.md	197	95
/Users/user/AI創作工房/soul-voice-teller/examples/habits-01/草稿/draft_01-01_消さなかった一行.md	199	95
/Users/user/AI創作工房/soul-voice-teller/examples/habits-01/草稿/draft_01-01_消さなかった一行.md	201	97
/Users/user/AI創作工房/soul-voice-teller/examples/habits-01/草稿/draft_01-01_消さなかった一行.md	203	97
/Users/user/AI創作工房/soul-voice-teller/examples/habits-01/草稿/draft_01-01_消さなかった一行.md	205	99
/Users/user/AI創作工房/soul-voice-teller/examples/habits-01/草稿/draft_01-01_消さなかった一行.md	207	101
/Users/user/AI創作工房/soul-voice-teller/examples/habits-01/草稿/draft_01-01_消さなかった一行.md	209	103
/Users/user/AI創作工房/soul-voice-teller/examples/habits-01/草稿/draft_01-01_消さなかった一行.md	211	105
/Users/user/AI創作工房/soul-voice-teller/examples/habits-01/草稿/draft_01-01_消さなかった一行.md	213	107
/Users/user/AI創作工房/soul-voice-teller/examples/habits-01/草稿/draft_01-01_消さなかった一行.md	215	107
/Users/user/AI創作工房/soul-voice-teller/examples/habits-01/草稿/draft_01-01_消さなかった一行.md	217	107
/Users/user/AI創作工房/soul-voice-teller/examples/habits-01/草稿/draft_01-01_消さなかった一行.md	219	107
/Users/user/AI創作工房/soul-voice-teller/examples/habits-01/草稿/draft_01-01_消さなかった一行.md	221	107
/Users/user/AI創作工房/soul-voice-teller/examples/habits-01/草稿/draft_01-01_消さなかった一行.md	223	109
/Users/user/AI創作工房/soul-voice-teller/examples/habits-01/草稿/draft_01-01_消さなかった一行.md	225	109
/Users/user/AI創作工房/soul-voice-teller/examples/habits-01/草稿/draft_01-01_消さなかった一行.md	227	111
/Users/user/AI創作工房/soul-voice-teller/examples/habits-01/草稿/draft_01-01_消さなかった一行.md	229	111
/Users/user/AI創作工房/soul-voice-teller/examples/habits-01/草稿/draft_01-01_消さなかった一行.md	231	113
/Users/user/AI創作工房/soul-voice-teller/examples/habits-01/草稿/draft_01-01_消さなかった一行.md	233	113
/Users/user/AI創作工房/soul-voice-teller/examples/habits-01/草稿/draft_01-01_消さなかった一行.md	235	115
/Users/user/AI創作工房/soul-voice-teller/examples/habits-01/草稿/draft_01-01_消さなかった一行.md	237	115
/Users/user/AI創作工房/soul-voice-teller/examples/habits-01/草稿/draft_01-01_消さなかった一行.md	239	117
/Users/user/AI創作工房/soul-voice-teller/examples/habits-01/草稿/draft_01-01_消さなかった一行.md	241	117
/Users/user/AI創作工房/soul-voice-teller/examples/habits-01/草稿/draft_01-01_消さなかった一行.md	243	119
/Users/user/AI創作工房/soul-voice-teller/examples/habits-01/草稿/draft_01-01_消さなかった一行.md	245	119
/Users/user/AI創作工房/soul-voice-teller/examples/habits-01/草稿/draft_01-01_消さなかった一行.md	247	121
/Users/user/AI創作工房/soul-voice-teller/examples/habits-01/草稿/draft_01-01_消さなかった一行.md	251	125
/Users/user/AI創作工房/soul-voice-teller/examples/habits-01/草稿/draft_01-01_消さなかった一行.md	253	125
/Users/user/AI創作工房/soul-voice-teller/examples/habits-01/草稿/draft_01-01_消さなかった一行.md	255	127
/Users/user/AI創作工房/soul-voice-teller/examples/habits-01/草稿/draft_01-01_消さなかった一行.md	257	127
/Users/user/AI創作工房/soul-voice-teller/examples/habits-01/草稿/draft_01-01_消さなかった一行.md	259	129
/Users/user/AI創作工房/soul-voice-teller/examples/habits-01/草稿/draft_01-01_消さなかった一行.md	261	129
/Users/user/AI創作工房/soul-voice-teller/examples/habits-01/草稿/draft_01-01_消さなかった一行.md	263	129
/Users/user/AI創作工房/soul-voice-teller/examples/habits-01/草稿/draft_01-01_消さなかった一行.md	265	131
/Users/user/AI創作工房/soul-voice-teller/examples/habits-01/草稿/draft_01-01_消さなかった一行.md	267	131
/Users/user/AI創作工房/soul-voice-teller/examples/habits-01/草稿/draft_01-01_消さなかった一行.md	269	133
/Users/user/AI創作工房/soul-voice-teller/examples/habits-01/草稿/draft_01-01_消さなかった一行.md	271	133
/Users/user/AI創作工房/soul-voice-teller/examples/habits-01/草稿/draft_01-01_消さなかった一行.md	273	135
/Users/user/AI創作工房/soul-voice-teller/examples/habits-01/草稿/draft_01-01_消さなかった一行.md	275	135
/Users/user/AI創作工房/soul-voice-teller/examples/habits-01/草稿/draft_01-01_消さなかった一行.md	277	137
/Users/user/AI創作工房/soul-voice-teller/examples/habits-01/草稿/draft_01-01_消さなかった一行.md	279	137
/Users/user/AI創作工房/soul-voice-teller/examples/habits-01/草稿/draft_01-01_消さなかった一行.md	281	139
/Users/user/AI創作工房/soul-voice-teller/examples/habits-01/草稿/draft_01-01_消さなかった一行.md	283	139
/Users/user/AI創作工房/soul-voice-teller/examples/habits-01/草稿/draft_01-01_消さなかった一行.md	285	141
/Users/user/AI創作工房/soul-voice-teller/examples/habits-01/草稿/draft_01-01_消さなかった一行.md	287	141
/Users/user/AI創作工房/soul-voice-teller/examples/habits-01/草稿/draft_01-01_消さなかった一行.md	289	143
/Users/user/AI創作工房/soul-voice-teller/examples/habits-01/草稿/draft_01-01_消さなかった一行.md	291	143
/Users/user/AI創作工房/soul-voice-teller/examples/habits-01/草稿/draft_01-01_消さなかった一行.md	293	145
/Users/user/AI創作工房/soul-voice-teller/examples/habits-01/草稿/draft_01-01_消さなかった一行.md	295	147
/Users/user/AI創作工房/soul-voice-teller/examples/habits-01/草稿/draft_01-01_消さなかった一行.md	297	149
/Users/user/AI創作工房/soul-voice-teller/examples/habits-01/草稿/draft_01-01_消さなかった一行.md	299	149
/Users/user/AI創作工房/soul-voice-teller/examples/habits-01/草稿/draft_01-01_消さなかった一行.md	301	149
/Users/user/AI創作工房/soul-voice-teller/examples/habits-01/草稿/draft_01-01_消さなかった一行.md	303	151
/Users/user/AI創作工房/soul-voice-teller/examples/habits-01/草稿/draft_01-01_消さなかった一行.md	305	151
/Users/user/AI創作工房/soul-voice-teller/examples/habits-01/草稿/draft_01-01_消さなかった一行.md	307	153
/Users/user/AI創作工房/soul-voice-teller/examples/habits-01/草稿/draft_01-01_消さなかった一行.md	309	153
/Users/user/AI創作工房/soul-voice-teller/examples/habits-01/草稿/draft_01-01_消さなかった一行.md	311	155
/Users/user/AI創作工房/soul-voice-teller/examples/habits-01/草稿/draft_01-01_消さなかった一行.md	313	155
/Users/user/AI創作工房/soul-voice-teller/examples/habits-01/草稿/draft_01-01_消さなかった一行.md	315	155
/Users/user/AI創作工房/soul-voice-teller/examples/habits-01/草稿/draft_01-01_消さなかった一行.md	317	157
/Users/user/AI創作工房/soul-voice-teller/examples/habits-01/草稿/draft_01-01_消さなかった一行.md	319	157
/Users/user/AI創作工房/soul-voice-teller/examples/habits-01/草稿/draft_01-01_消さなかった一行.md	321	159
/Users/user/AI創作工房/soul-voice-teller/examples/habits-01/草稿/draft_01-01_消さなかった一行.md	323	159
/Users/user/AI創作工房/soul-voice-teller/examples/habits-01/草稿/draft_01-01_消さなかった一行.md	325	161
/Users/user/AI創作工房/soul-voice-teller/examples/habits-01/草稿/draft_01-01_消さなかった一行.md	327	161
/Users/user/AI創作工房/soul-voice-teller/examples/habits-01/草稿/draft_01-01_消さなかった一行.md	329	163
/Users/user/AI創作工房/soul-voice-teller/examples/habits-01/草稿/draft_01-01_消さなかった一行.md	331	163
/Users/user/AI創作工房/soul-voice-teller/examples/habits-01/草稿/draft_01-01_消さなかった一行.md	333	163
/Users/user/AI創作工房/soul-voice-teller/examples/habits-01/草稿/draft_01-01_消さなかった一行.md	335	165
/Users/user/AI創作工房/soul-voice-teller/examples/habits-01/草稿/draft_01-01_消さなかった一行.md	337	165
/Users/user/AI創作工房/soul-voice-teller/examples/habits-01/草稿/draft_01-01_消さなかった一行.md	339	165
/Users/user/AI創作工房/soul-voice-teller/examples/habits-01/草稿/draft_01-01_消さなかった一行.md	341	165
/Users/user/AI創作工房/soul-voice-teller/examples/habits-01/草稿/draft_01-01_消さなかった一行.md	343	165
/Users/user/AI創作工房/soul-voice-teller/examples/habits-01/草稿/draft_01-01_消さなかった一行.md	345	167
/Users/user/AI創作工房/soul-voice-teller/examples/habits-01/草稿/draft_01-01_消さなかった一行.md	347	169
/Users/user/AI創作工房/soul-voice-teller/examples/habits-01/草稿/draft_01-01_消さなかった一行.md	349	169
/Users/user/AI創作工房/soul-voice-teller/examples/habits-01/草稿/draft_01-01_消さなかった一行.md	351	171
/Users/user/AI創作工房/soul-voice-teller/examples/habits-01/草稿/draft_01-01_消さなかった一行.md	353	171
/Users/user/AI創作工房/soul-voice-teller/examples/habits-01/草稿/draft_01-01_消さなかった一行.md	355	173
/Users/user/AI創作工房/soul-voice-teller/examples/habits-01/草稿/draft_01-01_消さなかった一行.md	357	173
/Users/user/AI創作工房/soul-voice-teller/examples/habits-01/草稿/draft_01-01_消さなかった一行.md	359	173
/Users/user/AI創作工房/soul-voice-teller/examples/habits-01/草稿/draft_01-01_消さなかった一行.md	361	175
/Users/user/AI創作工房/soul-voice-teller/examples/habits-01/草稿/draft_01-01_消さなかった一行.md	363	175
/Users/user/AI創作工房/soul-voice-teller/examples/habits-01/草稿/draft_01-01_消さなかった一行.md	365	177
/Users/user/AI創作工房/soul-voice-teller/examples/habits-01/草稿/draft_01-01_消さなかった一行.md	367	177
/Users/user/AI創作工房/soul-voice-teller/examples/habits-01/草稿/draft_01-01_消さなかった一行.md	369	179
/Users/user/AI創作工房/soul-voice-teller/examples/habits-01/草稿/draft_01-01_消さなかった一行.md	371	181
/Users/user/AI創作工房/soul-voice-teller/examples/habits-01/草稿/draft_01-01_消さなかった一行.md	373	181
/Users/user/AI創作工房/soul-voice-teller/examples/habits-01/草稿/draft_01-01_消さなかった一行.md	375	183
/Users/user/AI創作工房/soul-voice-teller/examples/habits-01/草稿/draft_01-01_消さなかった一行.md	377	183
/Users/user/AI創作工房/soul-voice-teller/examples/habits-01/草稿/draft_01-01_消さなかった一行.md	379	185
/Users/user/AI創作工房/soul-voice-teller/examples/habits-01/草稿/draft_01-01_消さなかった一行.md	381	185
/Users/user/AI創作工房/soul-voice-teller/examples/habits-01/草稿/draft_01-01_消さなかった一行.md	383	187
/Users/user/AI創作工房/soul-voice-teller/examples/habits-01/草稿/draft_01-01_消さなかった一行.md	385	187
/Users/user/AI創作工房/soul-voice-teller/examples/habits-01/草稿/draft_01-01_消さなかった一行.md	387	189
/Users/user/AI創作工房/soul-voice-teller/examples/habits-01/草稿/draft_01-01_消さなかった一行.md	389	189
/Users/user/AI創作工房/soul-voice-teller/examples/habits-01/草稿/draft_01-01_消さなかった一行.md	391	191
/Users/user/AI創作工房/soul-voice-teller/examples/habits-01/草稿/draft_01-01_消さなかった一行.md	393	191
/Users/user/AI創作工房/soul-voice-teller/examples/habits-01/草稿/draft_01-01_消さなかった一行.md	395	193
/Users/user/AI創作工房/soul-voice-teller/examples/habits-01/草稿/draft_01-01_消さなかった一行.md	397	193
/Users/user/AI創作工房/soul-voice-teller/examples/habits-01/草稿/draft_01-01_消さなかった一行.md	399	195
/Users/user/AI創作工房/soul-voice-teller/examples/habits-01/草稿/draft_01-01_消さなかった一行.md	401	195
/Users/user/AI創作工房/soul-voice-teller/examples/habits-01/草稿/draft_01-01_消さなかった一行.md	403	195
/Users/user/AI創作工房/soul-voice-teller/examples/habits-01/草稿/draft_01-01_消さなかった一行.md	405	197
/Users/user/AI創作工房/soul-voice-teller/examples/habits-01/草稿/draft_01-01_消さなかった一行.md	407	197
/Users/user/AI創作工房/soul-voice-teller/examples/habits-01/草稿/draft_01-01_消さなかった一行.md	409	197
/Users/user/AI創作工房/soul-voice-teller/examples/habits-01/草稿/draft_01-01_消さなかった一行.md	411	199
/Users/user/AI創作工房/soul-voice-teller/examples/habits-01/草稿/draft_01-01_消さなかった一行.md	413	199
/Users/user/AI創作工房/soul-voice-teller/examples/habits-01/草稿/draft_01-01_消さなかった一行.md	415	199
/Users/user/AI創作工房/soul-voice-teller/examples/habits-01/草稿/draft_01-01_消さなかった一行.md	417	201
/Users/user/AI創作工房/soul-voice-teller/examples/habits-01/草稿/draft_01-01_消さなかった一行.md	419	201
/Users/user/AI創作工房/soul-voice-teller/examples/habits-01/草稿/draft_01-01_消さなかった一行.md	421	201
/Users/user/AI創作工房/soul-voice-teller/examples/habits-01/草稿/draft_01-01_消さなかった一行.md	423	203
/Users/user/AI創作工房/soul-voice-teller/examples/habits-01/草稿/draft_01-01_消さなかった一行.md	425	203
/Users/user/AI創作工房/soul-voice-teller/examples/habits-01/草稿/draft_01-01_消さなかった一行.md	427	205
/Users/user/AI創作工房/soul-voice-teller/examples/habits-01/草稿/draft_01-01_消さなかった一行.md	429	205
/Users/user/AI創作工房/soul-voice-teller/examples/habits-01/草稿/draft_01-01_消さなかった一行.md	431	205
/Users/user/AI創作工房/soul-voice-teller/examples/habits-01/草稿/draft_01-01_消さなかった一行.md	433	207
/Users/user/AI創作工房/soul-voice-teller/examples/habits-01/草稿/draft_01-01_消さなかった一行.md	435	207
/Users/user/AI創作工房/soul-voice-teller/examples/habits-01/草稿/draft_01-01_消さなかった一行.md	437	209
/Users/user/AI創作工房/soul-voice-teller/examples/habits-01/草稿/draft_01-01_消さなかった一行.md	439	209
/Users/user/AI創作工房/soul-voice-teller/examples/habits-01/草稿/draft_01-01_消さなかった一行.md	441	209
/Users/user/AI創作工房/soul-voice-teller/examples/habits-01/草稿/draft_01-01_消さなかった一行.md	443	211
/Users/user/AI創作工房/soul-voice-teller/examples/habits-01/草稿/draft_01-01_消さなかった一行.md	445	211
/Users/user/AI創作工房/soul-voice-teller/examples/habits-01/草稿/draft_01-01_消さなかった一行.md	447	211
/Users/user/AI創作工房/soul-voice-teller/examples/habits-01/草稿/draft_01-01_消さなかった一行.md	449	213
/Users/user/AI創作工房/soul-voice-teller/examples/habits-01/草稿/draft_01-01_消さなかった一行.md	451	213
/Users/user/AI創作工房/soul-voice-teller/examples/habits-01/草稿/draft_01-01_消さなかった一行.md	453	213
/Users/user/AI創作工房/soul-voice-teller/examples/habits-01/草稿/draft_01-01_消さなかった一行.md	455	215
/Users/user/AI創作工房/soul-voice-teller/examples/habits-01/草稿/draft_01-01_消さなかった一行.md	457	215
/Users/user/AI創作工房/soul-voice-teller/examples/habits-01/草稿/draft_01-01_消さなかった一行.md	459	217
/Users/user/AI創作工房/soul-voice-teller/examples/habits-01/草稿/draft_01-01_消さなかった一行.md	461	217
/Users/user/AI創作工房/soul-voice-teller/examples/habits-01/草稿/draft_01-01_消さなかった一行.md	463	217
/Users/user/AI創作工房/soul-voice-teller/examples/habits-01/草稿/draft_01-01_消さなかった一行.md	465	217
/Users/user/AI創作工房/soul-voice-teller/examples/habits-01/草稿/draft_01-01_消さなかった一行.md	467	219
/Users/user/AI創作工房/soul-voice-teller/examples/habits-01/草稿/draft_01-01_消さなかった一行.md	469	219
/Users/user/AI創作工房/soul-voice-teller/examples/habits-01/草稿/draft_01-01_消さなかった一行.md	471	221
/Users/user/AI創作工房/soul-voice-teller/examples/habits-01/草稿/draft_01-01_消さなかった一行.md	473	221
/Users/user/AI創作工房/soul-voice-teller/examples/habits-01/草稿/draft_01-01_消さなかった一行.md	475	221
/Users/user/AI創作工房/soul-voice-teller/examples/habits-01/草稿/draft_01-01_消さなかった一行.md	477	223
/Users/user/AI創作工房/soul-voice-teller/examples/habits-01/草稿/draft_01-01_消さなかった一行.md	479	223
/Users/user/AI創作工房/soul-voice-teller/examples/habits-01/草稿/draft_01-01_消さなかった一行.md	481	223
/Users/user/AI創作工房/soul-voice-teller/examples/habits-01/草稿/draft_01-01_消さなかった一行.md	483	223
/Users/user/AI創作工房/soul-voice-teller/examples/habits-01/草稿/draft_01-01_消さなかった一行.md	485	225
/Users/user/AI創作工房/soul-voice-teller/examples/habits-01/草稿/draft_01-01_消さなかった一行.md	487	225
/Users/user/AI創作工房/soul-voice-teller/examples/habits-01/草稿/draft_01-01_消さなかった一行.md	489	225
/Users/user/AI創作工房/soul-voice-teller/examples/habits-01/草稿/draft_01-01_消さなかった一行.md	491	227
/Users/user/AI創作工房/soul-voice-teller/examples/habits-01/草稿/draft_01-01_消さなかった一行.md	493	227
/Users/user/AI創作工房/soul-voice-teller/examples/habits-01/草稿/draft_01-01_消さなかった一行.md	495	229
/Users/user/AI創作工房/soul-voice-teller/examples/habits-01/草稿/draft_01-01_消さなかった一行.md	497	229
/Users/user/AI創作工房/soul-voice-teller/examples/habits-01/草稿/draft_01-01_消さなかった一行.md	499	231
/Users/user/AI創作工房/soul-voice-teller/examples/habits-01/草稿/draft_01-01_消さなかった一行.md	501	233
/Users/user/AI創作工房/soul-voice-teller/examples/habits-01/草稿/draft_01-01_消さなかった一行.md	503	233
/Users/user/AI創作工房/soul-voice-teller/examples/habits-01/草稿/draft_01-01_消さなかった一行.md	505	235
/Users/user/AI創作工房/soul-voice-teller/examples/habits-01/草稿/draft_01-01_消さなかった一行.md	507	235
/Users/user/AI創作工房/soul-voice-teller/examples/habits-01/草稿/draft_01-01_消さなかった一行.md	509	235
/Users/user/AI創作工房/soul-voice-teller/examples/habits-01/草稿/draft_01-01_消さなかった一行.md	511	237
/Users/user/AI創作工房/soul-voice-teller/examples/habits-01/草稿/draft_01-01_消さなかった一行.md	513	237
/Users/user/AI創作工房/soul-voice-teller/examples/habits-01/草稿/draft_01-01_消さなかった一行.md	515	237
/Users/user/AI創作工房/soul-voice-teller/examples/habits-01/草稿/draft_01-01_消さなかった一行.md	517	239
/Users/user/AI創作工房/soul-voice-teller/examples/habits-01/草稿/draft_01-01_消さなかった一行.md	519	239
/Users/user/AI創作工房/soul-voice-teller/examples/habits-01/草稿/draft_01-01_消さなかった一行.md	523	243
/Users/user/AI創作工房/soul-voice-teller/examples/habits-01/草稿/draft_01-01_消さなかった一行.md	525	243
/Users/user/AI創作工房/soul-voice-teller/examples/habits-01/草稿/draft_01-01_消さなかった一行.md	527	243
/Users/user/AI創作工房/soul-voice-teller/examples/habits-01/草稿/draft_01-01_消さなかった一行.md	529	243
/Users/user/AI創作工房/soul-voice-teller/examples/habits-01/草稿/draft_01-01_消さなかった一行.md	531	245
/Users/user/AI創作工房/soul-voice-teller/examples/habits-01/草稿/draft_01-01_消さなかった一行.md	533	245
/Users/user/AI創作工房/soul-voice-teller/examples/habits-01/草稿/draft_01-01_消さなかった一行.md	535	245
/Users/user/AI創作工房/soul-voice-teller/examples/habits-01/草稿/draft_01-01_消さなかった一行.md	537	245
/Users/user/AI創作工房/soul-voice-teller/examples/habits-01/草稿/draft_01-01_消さなかった一行.md	539	247
/Users/user/AI創作工房/soul-voice-teller/examples/habits-01/草稿/draft_01-01_消さなかった一行.md	541	247
/Users/user/AI創作工房/soul-voice-teller/examples/habits-01/草稿/draft_01-01_消さなかった一行.md	543	247
/Users/user/AI創作工房/soul-voice-teller/examples/habits-01/草稿/draft_01-01_消さなかった一行.md	545	249
/Users/user/AI創作工房/soul-voice-teller/examples/habits-01/草稿/draft_01-01_消さなかった一行.md	547	249
/Users/user/AI創作工房/soul-voice-teller/examples/habits-01/草稿/draft_01-01_消さなかった一行.md	549	251
/Users/user/AI創作工房/soul-voice-teller/examples/habits-01/草稿/draft_01-01_消さなかった一行.md	551	251
/Users/user/AI創作工房/soul-voice-teller/examples/habits-01/草稿/draft_01-01_消さなかった一行.md	553	253
/Users/user/AI創作工房/soul-voice-teller/examples/habits-01/草稿/draft_01-01_消さなかった一行.md	555	253
/Users/user/AI創作工房/soul-voice-teller/examples/habits-01/草稿/draft_01-01_消さなかった一行.md	557	253
/Users/user/AI創作工房/soul-voice-teller/examples/habits-01/草稿/draft_01-01_消さなかった一行.md	559	255
/Users/user/AI創作工房/soul-voice-teller/examples/habits-01/草稿/draft_01-01_消さなかった一行.md	561	255
/Users/user/AI創作工房/soul-voice-teller/examples/habits-01/草稿/draft_01-01_消さなかった一行.md	563	255
/Users/user/AI創作工房/soul-voice-teller/examples/habits-01/草稿/draft_01-01_消さなかった一行.md	565	257
/Users/user/AI創作工房/soul-voice-teller/examples/habits-01/草稿/draft_01-01_消さなかった一行.md	567	257
/Users/user/AI創作工房/soul-voice-teller/examples/habits-01/草稿/draft_01-01_消さなかった一行.md	569	257
/Users/user/AI創作工房/soul-voice-teller/examples/habits-01/草稿/draft_01-01_消さなかった一行.md	571	257
/Users/user/AI創作工房/soul-voice-teller/examples/habits-01/草稿/draft_01-01_消さなかった一行.md	573	259
/Users/user/AI創作工房/soul-voice-teller/examples/habits-01/草稿/draft_01-01_消さなかった一行.md	575	259
/Users/user/AI創作工房/soul-voice-teller/examples/habits-01/草稿/draft_01-01_消さなかった一行.md	577	259
/Users/user/AI創作工房/soul-voice-teller/examples/habits-01/草稿/draft_01-01_消さなかった一行.md	579	261
/Users/user/AI創作工房/soul-voice-teller/examples/habits-01/草稿/draft_01-01_消さなかった一行.md	581	261
/Users/user/AI創作工房/soul-voice-teller/examples/habits-01/草稿/draft_01-01_消さなかった一行.md	583	261
/Users/user/AI創作工房/soul-voice-teller/examples/habits-01/草稿/draft_01-01_消さなかった一行.md	585	261
/Users/user/AI創作工房/soul-voice-teller/examples/habits-01/草稿/draft_01-01_消さなかった一行.md	587	263
/Users/user/AI創作工房/soul-voice-teller/examples/habits-01/草稿/draft_01-01_消さなかった一行.md	589	263
/Users/user/AI創作工房/soul-voice-teller/examples/habits-01/草稿/draft_01-01_消さなかった一行.md	591	263
/Users/user/AI創作工房/soul-voice-teller/examples/habits-01/草稿/draft_01-01_消さなかった一行.md	593	265
/Users/user/AI創作工房/soul-voice-teller/examples/habits-01/草稿/draft_01-01_消さなかった一行.md	595	265
/Users/user/AI創作工房/soul-voice-teller/examples/habits-01/草稿/draft_01-01_消さなかった一行.md	597	265
/Users/user/AI創作工房/soul-voice-teller/examples/habits-01/草稿/draft_01-01_消さなかった一行.md	599	267
/Users/user/AI創作工房/soul-voice-teller/examples/habits-01/草稿/draft_01-01_消さなかった一行.md	601	267
/Users/user/AI創作工房/soul-voice-teller/examples/habits-01/草稿/draft_01-01_消さなかった一行.md	603	267
/Users/user/AI創作工房/soul-voice-teller/examples/habits-01/草稿/draft_01-01_消さなかった一行.md	605	267
/Users/user/AI創作工房/soul-voice-teller/examples/habits-01/草稿/draft_01-01_消さなかった一行.md	607	269
/Users/user/AI創作工房/soul-voice-teller/examples/habits-01/草稿/draft_01-01_消さなかった一行.md	609	271
/Users/user/AI創作工房/soul-voice-teller/examples/habits-01/草稿/draft_01-01_消さなかった一行.md	611	271
/Users/user/AI創作工房/soul-voice-teller/examples/habits-01/草稿/draft_01-01_消さなかった一行.md	613	271
/Users/user/AI創作工房/soul-voice-teller/examples/habits-01/草稿/draft_01-01_消さなかった一行.md	615	273
/Users/user/AI創作工房/soul-voice-teller/examples/habits-01/草稿/draft_01-01_消さなかった一行.md	617	273
/Users/user/AI創作工房/soul-voice-teller/examples/habits-01/草稿/draft_01-01_消さなかった一行.md	619	275
/Users/user/AI創作工房/soul-voice-teller/examples/habits-01/草稿/draft_01-01_消さなかった一行.md	621	275
/Users/user/AI創作工房/soul-voice-teller/examples/habits-01/草稿/draft_01-01_消さなかった一行.md	623	275
/Users/user/AI創作工房/soul-voice-teller/examples/habits-01/草稿/draft_01-01_消さなかった一行.md	625	275
/Users/user/AI創作工房/soul-voice-teller/examples/habits-01/草稿/draft_01-01_消さなかった一行.md	627	277
/Users/user/AI創作工房/soul-voice-teller/examples/habits-01/草稿/draft_01-01_消さなかった一行.md	629	277
/Users/user/AI創作工房/soul-voice-teller/examples/habits-01/草稿/draft_01-01_消さなかった一行.md	631	279
/Users/user/AI創作工房/soul-voice-teller/examples/habits-01/草稿/draft_01-01_消さなかった一行.md	633	279
/Users/user/AI創作工房/soul-voice-teller/examples/habits-01/草稿/draft_01-01_消さなかった一行.md	635	279
/Users/user/AI創作工房/soul-voice-teller/examples/habits-01/草稿/draft_01-01_消さなかった一行.md	637	279
/Users/user/AI創作工房/soul-voice-teller/examples/habits-01/草稿/draft_01-01_消さなかった一行.md	639	281
/Users/user/AI創作工房/soul-voice-teller/examples/habits-01/草稿/draft_01-01_消さなかった一行.md	641	281
/Users/user/AI創作工房/soul-voice-teller/examples/habits-01/草稿/draft_01-01_消さなかった一行.md	643	281
/Users/user/AI創作工房/soul-voice-teller/examples/habits-01/草稿/draft_01-01_消さなかった一行.md	645	281
/Users/user/AI創作工房/soul-voice-teller/examples/habits-01/草稿/draft_01-01_消さなかった一行.md	647	281
/Users/user/AI創作工房/soul-voice-teller/examples/habits-01/草稿/draft_01-01_消さなかった一行.md	649	283
/Users/user/AI創作工房/soul-voice-teller/examples/habits-01/草稿/draft_01-01_消さなかった一行.md	651	283
/Users/user/AI創作工房/soul-voice-teller/examples/habits-01/草稿/draft_01-01_消さなかった一行.md	653	283
/Users/user/AI創作工房/soul-voice-teller/examples/habits-01/草稿/draft_01-01_消さなかった一行.md	655	285
/Users/user/AI創作工房/soul-voice-teller/examples/habits-01/草稿/draft_01-01_消さなかった一行.md	657	285
/Users/user/AI創作工房/soul-voice-teller/examples/habits-01/草稿/draft_01-01_消さなかった一行.md	659	285
/Users/user/AI創作工房/soul-voice-teller/examples/habits-01/草稿/draft_01-01_消さなかった一行.md	661	287
/Users/user/AI創作工房/soul-voice-teller/examples/habits-01/草稿/draft_01-01_消さなかった一行.md	663	287
/Users/user/AI創作工房/soul-voice-teller/examples/habits-01/草稿/draft_01-01_消さなかった一行.md	665	287
/Users/user/AI創作工房/soul-voice-teller/examples/habits-01/草稿/draft_01-01_消さなかった一行.md	667	289
/Users/user/AI創作工房/soul-voice-teller/examples/habits-01/草稿/draft_01-01_消さなかった一行.md	669	289
/Users/user/AI創作工房/soul-voice-teller/examples/habits-01/草稿/draft_01-01_消さなかった一行.md	671	289
/Users/user/AI創作工房/soul-voice-teller/examples/habits-01/草稿/draft_01-01_消さなかった一行.md	673	289
/Users/user/AI創作工房/soul-voice-teller/examples/habits-01/草稿/draft_01-01_消さなかった一行.md	675	291
/Users/user/AI創作工房/soul-voice-teller/examples/habits-01/草稿/draft_01-01_消さなかった一行.md	677	291
/Users/user/AI創作工房/soul-voice-teller/examples/habits-01/草稿/draft_01-01_消さなかった一行.md	679	291
/Users/user/AI創作工房/soul-voice-teller/examples/habits-01/草稿/draft_01-01_消さなかった一行.md	681	291
/Users/user/AI創作工房/soul-voice-teller/examples/habits-01/草稿/draft_01-01_消さなかった一行.md	683	293
/Users/user/AI創作工房/soul-voice-teller/examples/habits-01/草稿/draft_01-01_消さなかった一行.md	685	293
/Users/user/AI創作工房/soul-voice-teller/examples/habits-01/草稿/draft_01-01_消さなかった一行.md	687	293
/Users/user/AI創作工房/soul-voice-teller/examples/habits-01/草稿/draft_01-01_消さなかった一行.md	689	293
/Users/user/AI創作工房/soul-voice-teller/examples/habits-01/草稿/draft_01-01_消さなかった一行.md	691	293
/Users/user/AI創作工房/soul-voice-teller/examples/habits-01/草稿/draft_01-01_消さなかった一行.md	693	295
/Users/user/AI創作工房/soul-voice-teller/examples/habits-01/草稿/draft_01-01_消さなかった一行.md	695	295
/Users/user/AI創作工房/soul-voice-teller/examples/habits-01/草稿/draft_01-01_消さなかった一行.md	697	295
/Users/user/AI創作工房/soul-voice-teller/examples/habits-01/草稿/draft_01-01_消さなかった一行.md	699	297
/Users/user/AI創作工房/soul-voice-teller/examples/habits-01/草稿/draft_01-01_消さなかった一行.md	701	297
/Users/user/AI創作工房/soul-voice-teller/examples/habits-01/草稿/draft_01-01_消さなかった一行.md	703	297
/Users/user/AI創作工房/soul-voice-teller/examples/habits-01/草稿/draft_01-01_消さなかった一行.md	705	299
/Users/user/AI創作工房/soul-voice-teller/examples/habits-01/草稿/draft_01-01_消さなかった一行.md	707	299
/Users/user/AI創作工房/soul-voice-teller/examples/habits-01/草稿/draft_01-01_消さなかった一行.md	709	299
/Users/user/AI創作工房/soul-voice-teller/examples/habits-01/草稿/draft_01-01_消さなかった一行.md	711	299
/Users/user/AI創作工房/soul-voice-teller/examples/habits-01/草稿/draft_01-01_消さなかった一行.md	713	301
/Users/user/AI創作工房/soul-voice-teller/examples/habits-01/草稿/draft_01-01_消さなかった一行.md	715	301
/Users/user/AI創作工房/soul-voice-teller/examples/habits-01/草稿/draft_01-01_消さなかった一行.md	717	301
/Users/user/AI創作工房/soul-voice-teller/examples/habits-01/草稿/draft_01-01_消さなかった一行.md	719	301
/Users/user/AI創作工房/soul-voice-teller/examples/habits-01/草稿/draft_01-01_消さなかった一行.md	721	303
/Users/user/AI創作工房/soul-voice-teller/examples/habits-01/草稿/draft_01-01_消さなかった一行.md	723	303
/Users/user/AI創作工房/soul-voice-teller/examples/habits-01/草稿/draft_01-01_消さなかった一行.md	725	303
/Users/user/AI創作工房/soul-voice-teller/examples/habits-01/草稿/draft_01-01_消さなかった一行.md	727	305
