/Users/user/AI創作工房/soul-voice-teller/examples/habits-01/草稿/draft_01-01_消さなかった一行.md	7	組む
/Users/user/AI創作工房/soul-voice-teller/examples/habits-01/草稿/draft_01-01_消さなかった一行.md	11	組む
/Users/user/AI創作工房/soul-voice-teller/examples/habits-01/草稿/draft_01-01_消さなかった一行.md	15	組む
/Users/user/AI創作工房/soul-voice-teller/examples/habits-01/草稿/draft_01-01_消さなかった一行.md	17	組む
/Users/user/AI創作工房/soul-voice-teller/examples/habits-01/草稿/draft_01-01_消さなかった一行.md	21	組む
/Users/user/AI創作工房/soul-voice-teller/examples/habits-01/草稿/draft_01-01_消さなかった一行.md	25	組む
/Users/user/AI創作工房/soul-voice-teller/examples/habits-01/草稿/draft_01-01_消さなかった一行.md	27	組む
/Users/user/AI創作工房/soul-voice-teller/examples/habits-01/草稿/draft_01-01_消さなかった一行.md	31	組む
/Users/user/AI創作工房/soul-voice-teller/examples/habits-01/草稿/draft_01-01_消さなかった一行.md	35	組む
/Users/user/AI創作工房/soul-voice-teller/examples/habits-01/草稿/draft_01-01_消さなかった一行.md	39	組む
/Users/user/AI創作工房/soul-voice-teller/examples/habits-01/草稿/draft_01-01_消さなかった一行.md	43	組む
/Users/user/AI創作工房/soul-voice-teller/examples/habits-01/草稿/draft_01-01_消さなかった一行.md	47	組む
/Users/user/AI創作工房/soul-voice-teller/examples/habits-01/草稿/draft_01-01_消さなかった一行.md	53	組む
/Users/user/AI創作工房/soul-voice-teller/examples/habits-01/草稿/draft_01-01_消さなかった一行.md	57	組む
/Users/user/AI創作工房/soul-voice-teller/examples/habits-01/草稿/draft_01-01_消さなかった一行.md	61	組む
/Users/user/AI創作工房/soul-voice-teller/examples/habits-01/草稿/draft_01-01_消さなかった一行.md	65	組む
/Users/user/AI創作工房/soul-voice-teller/examples/habits-01/草稿/draft_01-01_消さなかった一行.md	69	組む
/Users/user/AI創作工房/soul-voice-teller/examples/habits-01/草稿/draft_01-01_消さなかった一行.md	73	組む
/Users/user/AI創作工房/soul-voice-teller/examples/habits-01/草稿/draft_01-01_消さなかった一行.md	77	組む
/Users/user/AI創作工房/soul-voice-teller/examples/habits-01/草稿/draft_01-01_消さなかった一行.md	79	組む
/Users/user/AI創作工房/soul-voice-teller/examples/habits-01/草稿/draft_01-01_消さなかった一行.md	83	組む
/Users/user/AI創作工房/soul-voice-teller/examples/habits-01/草稿/draft_01-01_消さなかった一行.md	85	組む
/Users/user/AI創作工房/soul-voice-teller/examples/habits-01/草稿/draft_01-01_消さなかった一行.md	91	組む
/Users/user/AI創作工房/soul-voice-teller/examples/habits-01/草稿/draft_01-01_消さなかった一行.md	95	組む
/Users/user/AI創作工房/soul-voice-teller/examples/habits-01/草稿/draft_01-01_消さなかった一行.md	99	組む
/Users/user/AI創作工房/soul-voice-teller/examples/habits-01/草稿/draft_01-01_消さなかった一行.md	103	組む
/Users/user/AI創作工房/soul-voice-teller/examples/habits-01/草稿/draft_01-01_消さなかった一行.md	105	組む
/Users/user/AI創作工房/soul-voice-teller/examples/habits-01/草稿/draft_01-01_消さなかった一行.md	109	組む
/Users/user/AI創作工房/soul-voice-teller/examples/habits-01/草稿/draft_01-01_消さなかった一行.md	113	組む
/Users/user/AI創作工房/soul-voice-teller/examples/habits-01/草稿/draft_01-01_消さなかった一行.md	117	組む
/Users/user/AI創作工房/soul-voice-teller/examples/habits-01/草稿/draft_01-01_消さなかった一行.md	121	組む
/Users/user/AI創作工房/soul-voice-teller/examples/habits-01/草稿/draft_01-01_消さなかった一行.md	125	組む
/Users/user/AI創作工房/soul-voice-teller/examples/habits-01/草稿/draft_01-01_消さなかった一行.md	127	組む
/Users/user/AI創作工房/soul-voice-teller/examples/habits-01/草稿/draft_01-01_消さなかった一行.md	131	組む
/Users/user/AI創作工房/soul-voice-teller/examples/habits-01/草稿/draft_01-01_消さなかった一行.md	133	組む
/Users/user/AI創作工房/soul-voice-teller/examples/habits-01/草稿/draft_01-01_消さなかった一行.md	137	組む
/Users/user/AI創作工房/soul-voice-teller/examples/habits-01/草稿/draft_01-01_消さなかった一行.md	139	組む
/Users/user/AI創作工房/soul-voice-teller/examples/habits-01/草稿/draft_01-01_消さなかった一行.md	143	組む
/Users/user/AI創作工房/soul-voice-teller/examples/habits-01/草稿/draft_01-01_消さなかった一行.md	145	組む
/Users/user/AI創作工房/soul-voice-teller/examples/habits-01/草稿/draft_01-01_消さなかった一行.md	149	組む
/Users/user/AI創作工房/soul-voice-teller/examples/habits-01/草稿/draft_01-01_消さなかった一行.md	151	組む
/Users/user/AI創作工房/soul-voice-teller/examples/habits-01/草稿/draft_01-01_消さなかった一行.md	155	組む
/Users/user/AI創作工房/soul-voice-teller/examples/habits-01/草稿/draft_01-01_消さなかった一行.md	157	組む
/Users/user/AI創作工房/soul-voice-teller/examples/habits-01/草稿/draft_01-01_消さなかった一行.md	161	組む
/Users/user/AI創作工房/soul-voice-teller/examples/habits-01/草稿/draft_01-01_消さなかった一行.md	163	組む
/Users/user/AI創作工房/soul-voice-teller/examples/habits-01/草稿/draft_01-01_消さなかった一行.md	167	組む
/Users/user/AI創作工房/soul-voice-teller/examples/habits-01/草稿/draft_01-01_消さなかった一行.md	169	組む
/Users/user/AI創作工房/soul-voice-teller/examples/habits-01/草稿/draft_01-01_消さなかった一行.md	171	組む
/Users/user/AI創作工房/soul-voice-teller/examples/habits-01/草稿/draft_01-01_消さなかった一行.md	175	組む
/Users/user/AI創作工房/soul-voice-teller/examples/habits-01/草稿/draft_01-01_消さなかった一行.md	187	組む
/Users/user/AI創作工房/soul-voice-teller/examples/habits-01/草稿/draft_01-01_消さなかった一行.md	189	組む
/Users/user/AI創作工房/soul-voice-teller/examples/habits-01/草稿/draft_01-01_消さなかった一行.md	199	組む
/Users/user/AI創作工房/soul-voice-teller/examples/habits-01/草稿/draft_01-01_消さなかった一行.md	203	組む
/Users/user/AI創作工房/soul-voice-teller/examples/habits-01/草稿/draft_01-01_消さなかった一行.md	215	組む
/Users/user/AI創作工房/soul-voice-teller/examples/habits-01/草稿/draft_01-01_消さなかった一行.md	217	組む
/Users/user/AI創作工房/soul-voice-teller/examples/habits-01/草稿/draft_01-01_消さなかった一行.md	219	組む
/Users/user/AI創作工房/soul-voice-teller/examples/habits-01/草稿/draft_01-01_消さなかった一行.md	221	組む
/Users/user/AI創作工房/soul-voice-teller/examples/habits-01/草稿/draft_01-01_消さなかった一行.md	225	組む
/Users/user/AI創作工房/soul-voice-teller/examples/habits-01/草稿/draft_01-01_消さなかった一行.md	229	組む
/Users/user/AI創作工房/soul-voice-teller/examples/habits-01/草稿/draft_01-01_消さなかった一行.md	233	組む
/Users/user/AI創作工房/soul-voice-teller/examples/habits-01/草稿/draft_01-01_消さなかった一行.md	237	組む
/Users/user/AI創作工房/soul-voice-teller/examples/habits-01/草稿/draft_01-01_消さなかった一行.md	241	組む
/Users/user/AI創作工房/soul-voice-teller/examples/habits-01/草稿/draft_01-01_消さなかった一行.md	245	組む
/Users/user/AI創作工房/soul-voice-teller/examples/habits-01/草稿/draft_01-01_消さなかった一行.md	253	組む
/Users/user/AI創作工房/soul-voice-teller/examples/habits-01/草稿/draft_01-01_消さなかった一行.md	257	組む
/Users/user/AI創作工房/soul-voice-teller/examples/habits-01/草稿/draft_01-01_消さなかった一行.md	261	組む
/Users/user/AI創作工房/soul-voice-teller/examples/habits-01/草稿/draft_01-01_消さなかった一行.md	263	組む
/Users/user/AI創作工房/soul-voice-teller/examples/habits-01/草稿/draft_01-01_消さなかった一行.md	267	組む
/Users/user/AI創作工房/soul-voice-teller/examples/habits-01/草稿/draft_01-01_消さなかった一行.md	271	組む
/Users/user/AI創作工房/soul-voice-teller/examples/habits-01/草稿/draft_01-01_消さなかった一行.md	275	組む
/Users/user/AI創作工房/soul-voice-teller/examples/habits-01/草稿/draft_01-01_消さなかった一行.md	279	組む
/Users/user/AI創作工房/soul-voice-teller/examples/habits-01/草稿/draft_01-01_消さなかった一行.md	283	組む
/Users/user/AI創作工房/soul-voice-teller/examples/habits-01/草稿/draft_01-01_消さなかった一行.md	287	組む
/Users/user/AI創作工房/soul-voice-teller/examples/habits-01/草稿/draft_01-01_消さなかった一行.md	291	組む
/Users/user/AI創作工房/soul-voice-teller/examples/habits-01/草稿/draft_01-01_消さなかった一行.md	299	組む
/Users/user/AI創作工房/soul-voice-teller/examples/habits-01/草稿/draft_01-01_消さなかった一行.md	301	組む
/Users/user/AI創作工房/soul-voice-teller/examples/habits-01/草稿/draft_01-01_消さなかった一行.md	305	組む
/Users/user/AI創作工房/soul-voice-teller/examples/habits-01/草稿/draft_01-01_消さなかった一行.md	309	組む
/Users/user/AI創作工房/soul-voice-teller/examples/habits-01/草稿/draft_01-01_消さなかった一行.md	313	組む
/Users/user/AI創作工房/soul-voice-teller/examples/habits-01/草稿/draft_01-01_消さなかった一行.md	315	組む
/Users/user/AI創作工房/soul-voice-teller/examples/habits-01/草稿/draft_01-01_消さなかった一行.md	319	組む
/Users/user/AI創作工房/soul-voice-teller/examples/habits-01/草稿/draft_01-01_消さなかった一行.md	323	組む
/Users/user/AI創作工房/soul-voice-teller/examples/habits-01/草稿/draft_01-01_消さなかった一行.md	327	組む
/Users/user/AI創作工房/soul-voice-teller/examples/habits-01/草稿/draft_01-01_消さなかった一行.md	331	組む
/Users/user/AI創作工房/soul-voice-teller/examples/habits-01/草稿/draft_01-01_消さなかった一行.md	333	組む
/Users/user/AI創作工房/soul-voice-teller/examples/habits-01/草稿/draft_01-01_消さなかった一行.md	337	組む
/Users/user/AI創作工房/soul-voice-teller/examples/habits-01/草稿/draft_01-01_消さなかった一行.md	339	組む
/Users/user/AI創作工房/soul-voice-teller/examples/habits-01/草稿/draft_01-01_消さなかった一行.md	341	組む
/Users/user/AI創作工房/soul-voice-teller/examples/habits-01/草稿/draft_01-01_消さなかった一行.md	343	組む
/Users/user/AI創作工房/soul-voice-teller/examples/habits-01/草稿/draft_01-01_消さなかった一行.md	349	組む
/Users/user/AI創作工房/soul-voice-teller/examples/habits-01/草稿/draft_01-01_消さなかった一行.md	353	組む
/Users/user/AI創作工房/soul-voice-teller/examples/habits-01/草稿/draft_01-01_消さなかった一行.md	357	組む
/Users/user/AI創作工房/soul-voice-teller/examples/habits-01/草稿/draft_01-01_消さなかった一行.md	359	組む
/Users/user/AI創作工房/soul-voice-teller/examples/habits-01/草稿/draft_01-01_消さなかった一行.md	363	組む
/Users/user/AI創作工房/soul-voice-teller/examples/habits-01/草稿/draft_01-01_消さなかった一行.md	367	組む
/Users/user/AI創作工房/soul-voice-teller/examples/habits-01/草稿/draft_01-01_消さなかった一行.md	373	組む
/Users/user/AI創作工房/soul-voice-teller/examples/habits-01/草稿/draft_01-01_消さなかった一行.md	377	組む
/Users/user/AI創作工房/soul-voice-teller/examples/habits-01/草稿/draft_01-01_消さなかった一行.md	381	組む
/Users/user/AI創作工房/soul-voice-teller/examples/habits-01/草稿/draft_01-01_消さなかった一行.md	385	組む
/Users/user/AI創作工房/soul-voice-teller/examples/habits-01/草稿/draft_01-01_消さなかった一行.md	389	組む
/Users/user/AI創作工房/soul-voice-teller/examples/habits-01/草稿/draft_01-01_消さなかった一行.md	393	組む
/Users/user/AI創作工房/soul-voice-teller/examples/habits-01/草稿/draft_01-01_消さなかった一行.md	397	組む
/Users/user/AI創作工房/soul-voice-teller/examples/habits-01/草稿/draft_01-01_消さなかった一行.md	401	組む
/Users/user/AI創作工房/soul-voice-teller/examples/habits-01/草稿/draft_01-01_消さなかった一行.md	403	組む
/Users/user/AI創作工房/soul-voice-teller/examples/habits-01/草稿/draft_01-01_消さなかった一行.md	407	組む
/Users/user/AI創作工房/soul-voice-teller/examples/habits-01/草稿/draft_01-01_消さなかった一行.md	409	組む
/Users/user/AI創作工房/soul-voice-teller/examples/habits-01/草稿/draft_01-01_消さなかった一行.md	413	組む
/Users/user/AI創作工房/soul-voice-teller/examples/habits-01/草稿/draft_01-01_消さなかった一行.md	415	組む
/Users/user/AI創作工房/soul-voice-teller/examples/habits-01/草稿/draft_01-01_消さなかった一行.md	419	組む
/Users/user/AI創作工房/soul-voice-teller/examples/habits-01/草稿/draft_01-01_消さなかった一行.md	421	組む
/Users/user/AI創作工房/soul-voice-teller/examples/habits-01/草稿/draft_01-01_消さなかった一行.md	425	組む
/Users/user/AI創作工房/soul-voice-teller/examples/habits-01/草稿/draft_01-01_消さなかった一行.md	429	組む
/Users/user/AI創作工房/soul-voice-teller/examples/habits-01/草稿/draft_01-01_消さなかった一行.md	431	組む
/Users/user/AI創作工房/soul-voice-teller/examples/habits-01/草稿/draft_01-01_消さなかった一行.md	435	組む
/Users/user/AI創作工房/soul-voice-teller/examples/habits-01/草稿/draft_01-01_消さなかった一行.md	439	組む
/Users/user/AI創作工房/soul-voice-teller/examples/habits-01/草稿/draft_01-01_消さなかった一行.md	441	組む
/Users/user/AI創作工房/soul-voice-teller/examples/habits-01/草稿/draft_01-01_消さなかった一行.md	445	組む
/Users/user/AI創作工房/soul-voice-teller/examples/habits-01/草稿/draft_01-01_消さなかった一行.md	447	組む
/Users/user/AI創作工房/soul-voice-teller/examples/habits-01/草稿/draft_01-01_消さなかった一行.md	451	組む
/Users/user/AI創作工房/soul-voice-teller/examples/habits-01/草稿/draft_01-01_消さなかった一行.md	453	組む
/Users/user/AI創作工房/soul-voice-teller/examples/habits-01/草稿/draft_01-01_消さなかった一行.md	457	組む
/Users/user/AI創作工房/soul-voice-teller/examples/habits-01/草稿/draft_01-01_消さなかった一行.md	461	組む
/Users/user/AI創作工房/soul-voice-teller/examples/habits-01/草稿/draft_01-01_消さなかった一行.md	463	組む
/Users/user/AI創作工房/soul-voice-teller/examples/habits-01/草稿/draft_01-01_消さなかった一行.md	465	組む
/Users/user/AI創作工房/soul-voice-teller/examples/habits-01/草稿/draft_01-01_消さなかった一行.md	469	組む
/Users/user/AI創作工房/soul-voice-teller/examples/habits-01/草稿/draft_01-01_消さなかった一行.md	473	組む
/Users/user/AI創作工房/soul-voice-teller/examples/habits-01/草稿/draft_01-01_消さなかった一行.md	475	組む
/Users/user/AI創作工房/soul-voice-teller/examples/habits-01/草稿/draft_01-01_消さなかった一行.md	479	組む
/Users/user/AI創作工房/soul-voice-teller/examples/habits-01/草稿/draft_01-01_消さなかった一行.md	481	組む
/Users/user/AI創作工房/soul-voice-teller/examples/habits-01/草稿/draft_01-01_消さなかった一行.md	483	組む
/Users/user/AI創作工房/soul-voice-teller/examples/habits-01/草稿/draft_01-01_消さなかった一行.md	487	組む
/Users/user/AI創作工房/soul-voice-teller/examples/habits-01/草稿/draft_01-01_消さなかった一行.md	489	組む
/Users/user/AI創作工房/soul-voice-teller/examples/habits-01/草稿/draft_01-01_消さなかった一行.md	493	組む
/Users/user/AI創作工房/soul-voice-teller/examples/habits-01/草稿/draft_01-01_消さなかった一行.md	497	組む
/Users/user/AI創作工房/soul-voice-teller/examples/habits-01/草稿/draft_01-01_消さなかった一行.md	503	組む
/Users/user/AI創作工房/soul-voice-teller/examples/habits-01/草稿/draft_01-01_消さなかった一行.md	507	組む
/Users/user/AI創作工房/soul-voice-teller/examples/habits-01/草稿/draft_01-01_消さなかった一行.md	509	組む
/Users/user/AI創作工房/soul-voice-teller/examples/habits-01/草稿/draft_01-01_消さなかった一行.md	513	組む
/Users/user/AI創作工房/soul-voice-teller/examples/habits-01/草稿/draft_01-01_消さなかった一行.md	515	組む
/Users/user/AI創作工房/soul-voice-teller/examples/habits-01/草稿/draft_01-01_消さなかった一行.md	519	組む
/Users/user/AI創作工房/soul-voice-teller/examples/habits-01/草稿/draft_01-01_消さなかった一行.md	525	組む
/Users/user/AI創作工房/soul-voice-teller/examples/habits-01/草稿/draft_01-01_消さなかった一行.md	527	組む
/Users/user/AI創作工房/soul-voice-teller/examples/habits-01/草稿/draft_01-01_消さなかった一行.md	529	組む
/Users/user/AI創作工房/soul-voice-teller/examples/habits-01/草稿/draft_01-01_消さなかった一行.md	533	組む
/Users/user/AI創作工房/soul-voice-teller/examples/habits-01/草稿/draft_01-01_消さなかった一行.md	535	組む
/Users/user/AI創作工房/soul-voice-teller/examples/habits-01/草稿/draft_01-01_消さなかった一行.md	537	組む
/Users/user/AI創作工房/soul-voice-teller/examples/habits-01/草稿/draft_01-01_消さなかった一行.md	541	組む
/Users/user/AI創作工房/soul-voice-teller/examples/habits-01/草稿/draft_01-01_消さなかった一行.md	543	組む
/Users/user/AI創作工房/soul-voice-teller/examples/habits-01/草稿/draft_01-01_消さなかった一行.md	547	組む
/Users/user/AI創作工房/soul-voice-teller/examples/habits-01/草稿/draft_01-01_消さなかった一行.md	551	組む
/Users/user/AI創作工房/soul-voice-teller/examples/habits-01/草稿/draft_01-01_消さなかった一行.md	555	組む
/Users/user/AI創作工房/soul-voice-teller/examples/habits-01/草稿/draft_01-01_消さなかった一行.md	557	組む
/Users/user/AI創作工房/soul-voice-teller/examples/habits-01/草稿/draft_01-01_消さなかった一行.md	561	組む
/Users/user/AI創作工房/soul-voice-teller/examples/habits-01/草稿/draft_01-01_消さなかった一行.md	563	組む
/Users/user/AI創作工房/soul-voice-teller/examples/habits-01/草稿/draft_01-01_消さなかった一行.md	567	組む
/Users/user/AI創作工房/soul-voice-teller/examples/habits-01/草稿/draft_01-01_消さなかった一行.md	569	組む
/Users/user/AI創作工房/soul-voice-teller/examples/habits-01/草稿/draft_01-01_消さなかった一行.md	571	組む
/Users/user/AI創作工房/soul-voice-teller/examples/habits-01/草稿/draft_01-01_消さなかった一行.md	575	組む
/Users/user/AI創作工房/soul-voice-teller/examples/habits-01/草稿/draft_01-01_消さなかった一行.md	577	組む
/Users/user/AI創作工房/soul-voice-teller/examples/habits-01/草稿/draft_01-01_消さなかった一行.md	581	組む
/Users/user/AI創作工房/soul-voice-teller/examples/habits-01/草稿/draft_01-01_消さなかった一行.md	583	組む
/Users/user/AI創作工房/soul-voice-teller/examples/habits-01/草稿/draft_01-01_消さなかった一行.md	585	組む
/Users/user/AI創作工房/soul-voice-teller/examples/habits-01/草稿/draft_01-01_消さなかった一行.md	589	組む
/Users/user/AI創作工房/soul-voice-teller/examples/habits-01/草稿/draft_01-01_消さなかった一行.md	591	組む
/Users/user/AI創作工房/soul-voice-teller/examples/habits-01/草稿/draft_01-01_消さなかった一行.md	595	組む
/Users/user/AI創作工房/soul-voice-teller/examples/habits-01/草稿/draft_01-01_消さなかった一行.md	597	組む
/Users/user/AI創作工房/soul-voice-teller/examples/habits-01/草稿/draft_01-01_消さなかった一行.md	601	組む
/Users/user/AI創作工房/soul-voice-teller/examples/habits-01/草稿/draft_01-01_消さなかった一行.md	603	組む
/Users/user/AI創作工房/soul-voice-teller/examples/habits-01/草稿/draft_01-01_消さなかった一行.md	605	組む
/Users/user/AI創作工房/soul-voice-teller/examples/habits-01/草稿/draft_01-01_消さなかった一行.md	611	組む
/Users/user/AI創作工房/soul-voice-teller/examples/habits-01/草稿/draft_01-01_消さなかった一行.md	613	組む
/Users/user/AI創作工房/soul-voice-teller/examples/habits-01/草稿/draft_01-01_消さなかった一行.md	617	組む
/Users/user/AI創作工房/soul-voice-teller/examples/habits-01/草稿/draft_01-01_消さなかった一行.md	621	組む
/Users/user/AI創作工房/soul-voice-teller/examples/habits-01/草稿/draft_01-01_消さなかった一行.md	623	組む
/Users/user/AI創作工房/soul-voice-teller/examples/habits-01/草稿/draft_01-01_消さなかった一行.md	625	組む
/Users/user/AI創作工房/soul-voice-teller/examples/habits-01/草稿/draft_01-01_消さなかった一行.md	629	組む
/Users/user/AI創作工房/soul-voice-teller/examples/habits-01/草稿/draft_01-01_消さなかった一行.md	633	組む
/Users/user/AI創作工房/soul-voice-teller/examples/habits-01/草稿/draft_01-01_消さなかった一行.md	635	組む
/Users/user/AI創作工房/soul-voice-teller/examples/habits-01/草稿/draft_01-01_消さなかった一行.md	637	組む
/Users/user/AI創作工房/soul-voice-teller/examples/habits-01/草稿/draft_01-01_消さなかった一行.md	641	組む
/Users/user/AI創作工房/soul-voice-teller/examples/habits-01/草稿/draft_01-01_消さなかった一行.md	643	組む
/Users/user/AI創作工房/soul-voice-teller/examples/habits-01/草稿/draft_01-01_消さなかった一行.md	645	組む
/Users/user/AI創作工房/soul-voice-teller/examples/habits-01/草稿/draft_01-01_消さなかった一行.md	647	組む
/Users/user/AI創作工房/soul-voice-teller/examples/habits-01/草稿/draft_01-01_消さなかった一行.md	651	組む
/Users/user/AI創作工房/soul-voice-teller/examples/habits-01/草稿/draft_01-01_消さなかった一行.md	653	組む
/Users/user/AI創作工房/soul-voice-teller/examples/habits-01/草稿/draft_01-01_消さなかった一行.md	657	組む
/Users/user/AI創作工房/soul-voice-teller/examples/habits-01/草稿/draft_01-01_消さなかった一行.md	659	組む
/Users/user/AI創作工房/soul-voice-teller/examples/habits-01/草稿/draft_01-01_消さなかった一行.md	663	組む
/Users/user/AI創作工房/soul-voice-teller/examples/habits-01/草稿/draft_01-01_消さなかった一行.md	665	組む
/Users/user/AI創作工房/soul-voice-teller/examples/habits-01/草稿/draft_01-01_消さなかった一行.md	669	組む
/Users/user/AI創作工房/soul-voice-teller/examples/habits-01/草稿/draft_01-01_消さなかった一行.md	671	組む
/Users/user/AI創作工房/soul-voice-teller/examples/habits-01/草稿/draft_01-01_消さなかった一行.md	673	組む
/Users/user/AI創作工房/soul-voice-teller/examples/habits-01/草稿/draft_01-01_消さなかった一行.md	677	組む
/Users/user/AI創作工房/soul-voice-teller/examples/habits-01/草稿/draft_01-01_消さなかった一行.md	679	組む
/Users/user/AI創作工房/soul-voice-teller/examples/habits-01/草稿/draft_01-01_消さなかった一行.md	681	組む
/Users/user/AI創作工房/soul-voice-teller/examples/habits-01/草稿/draft_01-01_消さなかった一行.md	685	組む
/Users/user/AI創作工房/soul-voice-teller/examples/habits-01/草稿/draft_01-01_消さなかった一行.md	687	組む
/Users/user/AI創作工房/soul-voice-teller/examples/habits-01/草稿/draft_01-01_消さなかった一行.md	689	組む
/Users/user/AI創作工房/soul-voice-teller/examples/habits-01/草稿/draft_01-01_消さなかった一行.md	691	組む
/Users/user/AI創作工房/soul-voice-teller/examples/habits-01/草稿/draft_01-01_消さなかった一行.md	695	組む
/Users/user/AI創作工房/soul-voice-teller/examples/habits-01/草稿/draft_01-01_消さなかった一行.md	697	組む
/Users/user/AI創作工房/soul-voice-teller/examples/habits-01/草稿/draft_01-01_消さなかった一行.md	701	組む
/Users/user/AI創作工房/soul-voice-teller/examples/habits-01/草稿/draft_01-01_消さなかった一行.md	703	組む
/Users/user/AI創作工房/soul-voice-teller/examples/habits-01/草稿/draft_01-01_消さなかった一行.md	707	組む
/Users/user/AI創作工房/soul-voice-teller/examples/habits-01/草稿/draft_01-01_消さなかった一行.md	709	組む
/Users/user/AI創作工房/soul-voice-teller/examples/habits-01/草稿/draft_01-01_消さなかった一行.md	711	組む
/Users/user/AI創作工房/soul-voice-teller/examples/habits-01/草稿/draft_01-01_消さなかった一行.md	715	組む
/Users/user/AI創作工房/soul-voice-teller/examples/habits-01/草稿/draft_01-01_消さなかった一行.md	717	組む
/Users/user/AI創作工房/soul-voice-teller/examples/habits-01/草稿/draft_01-01_消さなかった一行.md	719	組む
/Users/user/AI創作工房/soul-voice-teller/examples/habits-01/草稿/draft_01-01_消さなかった一行.md	723	組む
/Users/user/AI創作工房/soul-voice-teller/examples/habits-01/草稿/draft_01-01_消さなかった一行.md	725	組む
