/Users/user/AI創作工房/soul-voice-teller/examples/habits-02/草稿/draft_02-04_点を打つ.md	5	5
/Users/user/AI創作工房/soul-voice-teller/examples/habits-02/草稿/draft_02-04_点を打つ.md	7	5
/Users/user/AI創作工房/soul-voice-teller/examples/habits-02/草稿/draft_02-04_点を打つ.md	9	7
/Users/user/AI創作工房/soul-voice-teller/examples/habits-02/草稿/draft_02-04_点を打つ.md	11	9
/Users/user/AI創作工房/soul-voice-teller/examples/habits-02/草稿/draft_02-04_点を打つ.md	13	11
/Users/user/AI創作工房/soul-voice-teller/examples/habits-02/草稿/draft_02-04_点を打つ.md	15	13
/Users/user/AI創作工房/soul-voice-teller/examples/habits-02/草稿/draft_02-04_点を打つ.md	17	15
/Users/user/AI創作工房/soul-voice-teller/examples/habits-02/草稿/draft_02-04_点を打つ.md	19	17
/Users/user/AI創作工房/soul-voice-teller/examples/habits-02/草稿/draft_02-04_点を打つ.md	21	19
/Users/user/AI創作工房/soul-voice-teller/examples/habits-02/草稿/draft_02-04_点を打つ.md	23	21
/Users/user/AI創作工房/soul-voice-teller/examples/habits-02/草稿/draft_02-04_点を打つ.md	25	23
/Users/user/AI創作工房/soul-voice-teller/examples/habits-02/草稿/draft_02-04_点を打つ.md	27	25
/Users/user/AI創作工房/soul-voice-teller/examples/habits-02/草稿/draft_02-04_点を打つ.md	29	27
/Users/user/AI創作工房/soul-voice-teller/examples/habits-02/草稿/draft_02-04_点を打つ.md	31	29
/Users/user/AI創作工房/soul-voice-teller/examples/habits-02/草稿/draft_02-04_点を打つ.md	33	31
/Users/user/AI創作工房/soul-voice-teller/examples/habits-02/草稿/draft_02-04_点を打つ.md	35	33
/Users/user/AI創作工房/soul-voice-teller/examples/habits-02/草稿/draft_02-04_点を打つ.md	37	35
/Users/user/AI創作工房/soul-voice-teller/examples/habits-02/草稿/draft_02-04_点を打つ.md	39	37
/Users/user/AI創作工房/soul-voice-teller/examples/habits-02/草稿/draft_02-04_点を打つ.md	41	39
/Users/user/AI創作工房/soul-voice-teller/examples/habits-02/草稿/draft_02-04_点を打つ.md	43	41
/Users/user/AI創作工房/soul-voice-teller/examples/habits-02/草稿/draft_02-04_点を打つ.md	45	43
/Users/user/AI創作工房/soul-voice-teller/examples/habits-02/草稿/draft_02-04_点を打つ.md	47	45
/Users/user/AI創作工房/soul-voice-teller/examples/habits-02/草稿/draft_02-04_点を打つ.md	49	47
/Users/user/AI創作工房/soul-voice-teller/examples/habits-02/草稿/draft_02-04_点を打つ.md	51	49
/Users/user/AI創作工房/soul-voice-teller/examples/habits-02/草稿/draft_02-04_点を打つ.md	53	51
/Users/user/AI創作工房/soul-voice-teller/examples/habits-02/草稿/draft_02-04_点を打つ.md	55	53
/Users/user/AI創作工房/soul-voice-teller/examples/habits-02/草稿/draft_02-04_点を打つ.md	57	55
/Users/user/AI創作工房/soul-voice-teller/examples/habits-02/草稿/draft_02-04_点を打つ.md	59	57
/Users/user/AI創作工房/soul-voice-teller/examples/habits-02/草稿/draft_02-04_点を打つ.md	61	59
/Users/user/AI創作工房/soul-voice-teller/examples/habits-02/草稿/draft_02-04_点を打つ.md	63	61
/Users/user/AI創作工房/soul-voice-teller/examples/habits-02/草稿/draft_02-04_点を打つ.md	65	63
/Users/user/AI創作工房/soul-voice-teller/examples/habits-02/草稿/draft_02-04_点を打つ.md	67	65
/Users/user/AI創作工房/soul-voice-teller/examples/habits-02/草稿/draft_02-04_点を打つ.md	69	67
/Users/user/AI創作工房/soul-voice-teller/examples/habits-02/草稿/draft_02-04_点を打つ.md	71	69
/Users/user/AI創作工房/soul-voice-teller/examples/habits-02/草稿/draft_02-04_点を打つ.md	73	71
/Users/user/AI創作工房/soul-voice-teller/examples/habits-02/草稿/draft_02-04_点を打つ.md	75	73
/Users/user/AI創作工房/soul-voice-teller/examples/habits-02/草稿/draft_02-04_点を打つ.md	77	75
/Users/user/AI創作工房/soul-voice-teller/examples/habits-02/草稿/draft_02-04_点を打つ.md	79	77
/Users/user/AI創作工房/soul-voice-teller/examples/habits-02/草稿/draft_02-04_点を打つ.md	81	79
/Users/user/AI創作工房/soul-voice-teller/examples/habits-02/草稿/draft_02-04_点を打つ.md	83	81
/Users/user/AI創作工房/soul-voice-teller/examples/habits-02/草稿/draft_02-04_点を打つ.md	85	83
/Users/user/AI創作工房/soul-voice-teller/examples/habits-02/草稿/draft_02-04_点を打つ.md	87	85
/Users/user/AI創作工房/soul-voice-teller/examples/habits-02/草稿/draft_02-04_点を打つ.md	89	87
/Users/user/AI創作工房/soul-voice-teller/examples/habits-02/草稿/draft_02-04_点を打つ.md	91	89
/Users/user/AI創作工房/soul-voice-teller/examples/habits-02/草稿/draft_02-04_点を打つ.md	93	91
/Users/user/AI創作工房/soul-voice-teller/examples/habits-02/草稿/draft_02-04_点を打つ.md	95	93
/Users/user/AI創作工房/soul-voice-teller/examples/habits-02/草稿/draft_02-04_点を打つ.md	97	95
/Users/user/AI創作工房/soul-voice-teller/examples/habits-02/草稿/draft_02-04_点を打つ.md	99	97
/Users/user/AI創作工房/soul-voice-teller/examples/habits-02/草稿/draft_02-04_点を打つ.md	101	99
/Users/user/AI創作工房/soul-voice-teller/examples/habits-02/草稿/draft_02-04_点を打つ.md	103	99
/Users/user/AI創作工房/soul-voice-teller/examples/habits-02/草稿/draft_02-04_点を打つ.md	105	99
/Users/user/AI創作工房/soul-voice-teller/examples/habits-02/草稿/draft_02-04_点を打つ.md	107	99
/Users/user/AI創作工房/soul-voice-teller/examples/habits-02/草稿/draft_02-04_点を打つ.md	109	101
/Users/user/AI創作工房/soul-voice-teller/examples/habits-02/草稿/draft_02-04_点を打つ.md	113	105
/Users/user/AI創作工房/soul-voice-teller/examples/habits-02/草稿/draft_02-04_点を打つ.md	115	105
/Users/user/AI創作工房/soul-voice-teller/examples/habits-02/草稿/draft_02-04_点を打つ.md	117	107
/Users/user/AI創作工房/soul-voice-teller/examples/habits-02/草稿/draft_02-04_点を打つ.md	119	109
/Users/user/AI創作工房/soul-voice-teller/examples/habits-02/草稿/draft_02-04_点を打つ.md	121	111
/Users/user/AI創作工房/soul-voice-teller/examples/habits-02/草稿/draft_02-04_点を打つ.md	123	113
/Users/user/AI創作工房/soul-voice-teller/examples/habits-02/草稿/draft_02-04_点を打つ.md	125	115
/Users/user/AI創作工房/soul-voice-teller/examples/habits-02/草稿/draft_02-04_点を打つ.md	127	117
/Users/user/AI創作工房/soul-voice-teller/examples/habits-02/草稿/draft_02-04_点を打つ.md	129	119
/Users/user/AI創作工房/soul-voice-teller/examples/habits-02/草稿/draft_02-04_点を打つ.md	131	121
/Users/user/AI創作工房/soul-voice-teller/examples/habits-02/草稿/draft_02-04_点を打つ.md	133	123
/Users/user/AI創作工房/soul-voice-teller/examples/habits-02/草稿/draft_02-04_点を打つ.md	135	125
/Users/user/AI創作工房/soul-voice-teller/examples/habits-02/草稿/draft_02-04_点を打つ.md	137	127
/Users/user/AI創作工房/soul-voice-teller/examples/habits-02/草稿/draft_02-04_点を打つ.md	139	129
/Users/user/AI創作工房/soul-voice-teller/examples/habits-02/草稿/draft_02-04_点を打つ.md	141	131
/Users/user/AI創作工房/soul-voice-teller/examples/habits-02/草稿/draft_02-04_点を打つ.md	143	133
/Users/user/AI創作工房/soul-voice-teller/examples/habits-02/草稿/draft_02-04_点を打つ.md	145	135
/Users/user/AI創作工房/soul-voice-teller/examples/habits-02/草稿/draft_02-04_点を打つ.md	147	137
/Users/user/AI創作工房/soul-voice-teller/examples/habits-02/草稿/draft_02-04_点を打つ.md	149	139
/Users/user/AI創作工房/soul-voice-teller/examples/habits-02/草稿/draft_02-04_点を打つ.md	151	141
/Users/user/AI創作工房/soul-voice-teller/examples/habits-02/草稿/draft_02-04_点を打つ.md	153	143
/Users/user/AI創作工房/soul-voice-teller/examples/habits-02/草稿/draft_02-04_点を打つ.md	155	145
/Users/user/AI創作工房/soul-voice-teller/examples/habits-02/草稿/draft_02-04_点を打つ.md	157	147
/Users/user/AI創作工房/soul-voice-teller/examples/habits-02/草稿/draft_02-04_点を打つ.md	159	147
/Users/user/AI創作工房/soul-voice-teller/examples/habits-02/草稿/draft_02-04_点を打つ.md	161	147
/Users/user/AI創作工房/soul-voice-teller/examples/habits-02/草稿/draft_02-04_点を打つ.md	163	149
/Users/user/AI創作工房/soul-voice-teller/examples/habits-02/草稿/draft_02-04_点を打つ.md	165	151
/Users/user/AI創作工房/soul-voice-teller/examples/habits-02/草稿/draft_02-04_点を打つ.md	167	153
/Users/user/AI創作工房/soul-voice-teller/examples/habits-02/草稿/draft_02-04_点を打つ.md	169	155
/Users/user/AI創作工房/soul-voice-teller/examples/habits-02/草稿/draft_02-04_点を打つ.md	171	157
/Users/user/AI創作工房/soul-voice-teller/examples/habits-02/草稿/draft_02-04_点を打つ.md	173	159
/Users/user/AI創作工房/soul-voice-teller/examples/habits-02/草稿/draft_02-04_点を打つ.md	175	159
/Users/user/AI創作工房/soul-voice-teller/examples/habits-02/草稿/draft_02-04_点を打つ.md	177	159
/Users/user/AI創作工房/soul-voice-teller/examples/habits-02/草稿/draft_02-04_点を打つ.md	179	159
/Users/user/AI創作工房/soul-voice-teller/examples/habits-02/草稿/draft_02-04_点を打つ.md	181	161
/Users/user/AI創作工房/soul-voice-teller/examples/habits-02/草稿/draft_02-04_点を打つ.md	183	163
/Users/user/AI創作工房/soul-voice-teller/examples/habits-02/草稿/draft_02-04_点を打つ.md	185	163
/Users/user/AI創作工房/soul-voice-teller/examples/habits-02/草稿/draft_02-04_点を打つ.md	187	163
/Users/user/AI創作工房/soul-voice-teller/examples/habits-02/草稿/draft_02-04_点を打つ.md	189	165
/Users/user/AI創作工房/soul-voice-teller/examples/habits-02/草稿/draft_02-04_点を打つ.md	191	167
/Users/user/AI創作工房/soul-voice-teller/examples/habits-02/草稿/draft_02-04_点を打つ.md	193	169
/Users/user/AI創作工房/soul-voice-teller/examples/habits-02/草稿/draft_02-04_点を打つ.md	195	169
/Users/user/AI創作工房/soul-voice-teller/examples/habits-02/草稿/draft_02-04_点を打つ.md	197	171
/Users/user/AI創作工房/soul-voice-teller/examples/habits-02/草稿/draft_02-04_点を打つ.md	199	171
/Users/user/AI創作工房/soul-voice-teller/examples/habits-02/草稿/draft_02-04_点を打つ.md	201	171
/Users/user/AI創作工房/soul-voice-teller/examples/habits-02/草稿/draft_02-04_点を打つ.md	203	173
/Users/user/AI創作工房/soul-voice-teller/examples/habits-02/草稿/draft_02-04_点を打つ.md	205	173
/Users/user/AI創作工房/soul-voice-teller/examples/habits-02/草稿/draft_02-04_点を打つ.md	207	175
/Users/user/AI創作工房/soul-voice-teller/examples/habits-02/草稿/draft_02-04_点を打つ.md	209	177
/Users/user/AI創作工房/soul-voice-teller/examples/habits-02/草稿/draft_02-04_点を打つ.md	211	179
/Users/user/AI創作工房/soul-voice-teller/examples/habits-02/草稿/draft_02-04_点を打つ.md	213	181
/Users/user/AI創作工房/soul-voice-teller/examples/habits-02/草稿/draft_02-04_点を打つ.md	215	181
/Users/user/AI創作工房/soul-voice-teller/examples/habits-02/草稿/draft_02-04_点を打つ.md	217	183
/Users/user/AI創作工房/soul-voice-teller/examples/habits-02/草稿/draft_02-04_点を打つ.md	219	185
/Users/user/AI創作工房/soul-voice-teller/examples/habits-02/草稿/draft_02-04_点を打つ.md	221	187
/Users/user/AI創作工房/soul-voice-teller/examples/habits-02/草稿/draft_02-04_点を打つ.md	223	187
/Users/user/AI創作工房/soul-voice-teller/examples/habits-02/草稿/draft_02-04_点を打つ.md	225	187
/Users/user/AI創作工房/soul-voice-teller/examples/habits-02/草稿/draft_02-04_点を打つ.md	227	189
/Users/user/AI創作工房/soul-voice-teller/examples/habits-02/草稿/draft_02-04_点を打つ.md	229	191
/Users/user/AI創作工房/soul-voice-teller/examples/habits-02/草稿/draft_02-04_点を打つ.md	231	193
/Users/user/AI創作工房/soul-voice-teller/examples/habits-02/草稿/draft_02-04_点を打つ.md	233	195
/Users/user/AI創作工房/soul-voice-teller/examples/habits-02/草稿/draft_02-04_点を打つ.md	235	195
/Users/user/AI創作工房/soul-voice-teller/examples/habits-02/草稿/draft_02-04_点を打つ.md	237	197
/Users/user/AI創作工房/soul-voice-teller/examples/habits-02/草稿/draft_02-04_点を打つ.md	239	197
/Users/user/AI創作工房/soul-voice-teller/examples/habits-02/草稿/draft_02-04_点を打つ.md	241	199
/Users/user/AI創作工房/soul-voice-teller/examples/habits-02/草稿/draft_02-04_点を打つ.md	243	199
/Users/user/AI創作工房/soul-voice-teller/examples/habits-02/草稿/draft_02-04_点を打つ.md	245	201
/Users/user/AI創作工房/soul-voice-teller/examples/habits-02/草稿/draft_02-04_点を打つ.md	247	203
/Users/user/AI創作工房/soul-voice-teller/examples/habits-02/草稿/draft_02-04_点を打つ.md	249	205
/Users/user/AI創作工房/soul-voice-teller/examples/habits-02/草稿/draft_02-04_点を打つ.md	251	207
/Users/user/AI創作工房/soul-voice-teller/examples/habits-02/草稿/draft_02-04_点を打つ.md	253	209
/Users/user/AI創作工房/soul-voice-teller/examples/habits-02/草稿/draft_02-04_点を打つ.md	255	209
/Users/user/AI創作工房/soul-voice-teller/examples/habits-02/草稿/draft_02-04_点を打つ.md	257	211
/Users/user/AI創作工房/soul-voice-teller/examples/habits-02/草稿/draft_02-04_点を打つ.md	259	211
/Users/user/AI創作工房/soul-voice-teller/examples/habits-02/草稿/draft_02-04_点を打つ.md	261	211
/Users/user/AI創作工房/soul-voice-teller/examples/habits-02/草稿/draft_02-04_点を打つ.md	263	213
/Users/user/AI創作工房/soul-voice-teller/examples/habits-02/草稿/draft_02-04_点を打つ.md	265	213
/Users/user/AI創作工房/soul-voice-teller/examples/habits-02/草稿/draft_02-04_点を打つ.md	267	215
/Users/user/AI創作工房/soul-voice-teller/examples/habits-02/草稿/draft_02-04_点を打つ.md	269	217
/Users/user/AI創作工房/soul-voice-teller/examples/habits-02/草稿/draft_02-04_点を打つ.md	271	217
/Users/user/AI創作工房/soul-voice-teller/examples/habits-02/草稿/draft_02-04_点を打つ.md	273	219
/Users/user/AI創作工房/soul-voice-teller/examples/habits-02/草稿/draft_02-04_点を打つ.md	275	219
/Users/user/AI創作工房/soul-voice-teller/examples/habits-02/草稿/draft_02-04_点を打つ.md	277	219
/Users/user/AI創作工房/soul-voice-teller/examples/habits-02/草稿/draft_02-04_点を打つ.md	279	221
/Users/user/AI創作工房/soul-voice-teller/examples/habits-02/草稿/draft_02-04_点を打つ.md	283	225
/Users/user/AI創作工房/soul-voice-teller/examples/habits-02/草稿/draft_02-04_点を打つ.md	285	227
/Users/user/AI創作工房/soul-voice-teller/examples/habits-02/草稿/draft_02-04_点を打つ.md	287	229
/Users/user/AI創作工房/soul-voice-teller/examples/habits-02/草稿/draft_02-04_点を打つ.md	289	229
/Users/user/AI創作工房/soul-voice-teller/examples/habits-02/草稿/draft_02-04_点を打つ.md	291	231
/Users/user/AI創作工房/soul-voice-teller/examples/habits-02/草稿/draft_02-04_点を打つ.md	293	233
/Users/user/AI創作工房/soul-voice-teller/examples/habits-02/草稿/draft_02-04_点を打つ.md	295	235
/Users/user/AI創作工房/soul-voice-teller/examples/habits-02/草稿/draft_02-04_点を打つ.md	297	237
/Users/user/AI創作工房/soul-voice-teller/examples/habits-02/草稿/draft_02-04_点を打つ.md	299	239
/Users/user/AI創作工房/soul-voice-teller/examples/habits-02/草稿/draft_02-04_点を打つ.md	301	241
/Users/user/AI創作工房/soul-voice-teller/examples/habits-02/草稿/draft_02-04_点を打つ.md	303	243
/Users/user/AI創作工房/soul-voice-teller/examples/habits-02/草稿/draft_02-04_点を打つ.md	305	245
/Users/user/AI創作工房/soul-voice-teller/examples/habits-02/草稿/draft_02-04_点を打つ.md	307	247
/Users/user/AI創作工房/soul-voice-teller/examples/habits-02/草稿/draft_02-04_点を打つ.md	309	249
/Users/user/AI創作工房/soul-voice-teller/examples/habits-02/草稿/draft_02-04_点を打つ.md	311	251
/Users/user/AI創作工房/soul-voice-teller/examples/habits-02/草稿/draft_02-04_点を打つ.md	313	253
/Users/user/AI創作工房/soul-voice-teller/examples/habits-02/草稿/draft_02-04_点を打つ.md	315	253
/Users/user/AI創作工房/soul-voice-teller/examples/habits-02/草稿/draft_02-04_点を打つ.md	317	255
/Users/user/AI創作工房/soul-voice-teller/examples/habits-02/草稿/draft_02-04_点を打つ.md	319	257
/Users/user/AI創作工房/soul-voice-teller/examples/habits-02/草稿/draft_02-04_点を打つ.md	321	259
/Users/user/AI創作工房/soul-voice-teller/examples/habits-02/草稿/draft_02-04_点を打つ.md	323	261
/Users/user/AI創作工房/soul-voice-teller/examples/habits-02/草稿/draft_02-04_点を打つ.md	325	263
/Users/user/AI創作工房/soul-voice-teller/examples/habits-02/草稿/draft_02-04_点を打つ.md	327	265
/Users/user/AI創作工房/soul-voice-teller/examples/habits-02/草稿/draft_02-04_点を打つ.md	329	267
/Users/user/AI創作工房/soul-voice-teller/examples/habits-02/草稿/draft_02-04_点を打つ.md	331	267
/Users/user/AI創作工房/soul-voice-teller/examples/habits-02/草稿/draft_02-04_点を打つ.md	333	269
/Users/user/AI創作工房/soul-voice-teller/examples/habits-02/草稿/draft_02-04_点を打つ.md	335	271
/Users/user/AI創作工房/soul-voice-teller/examples/habits-02/草稿/draft_02-04_点を打つ.md	337	273
/Users/user/AI創作工房/soul-voice-teller/examples/habits-02/草稿/draft_02-04_点を打つ.md	339	275
/Users/user/AI創作工房/soul-voice-teller/examples/habits-02/草稿/draft_02-04_点を打つ.md	341	275
/Users/user/AI創作工房/soul-voice-teller/examples/habits-02/草稿/draft_02-04_点を打つ.md	343	277
/Users/user/AI創作工房/soul-voice-teller/examples/habits-02/草稿/draft_02-04_点を打つ.md	345	279
/Users/user/AI創作工房/soul-voice-teller/examples/habits-02/草稿/draft_02-04_点を打つ.md	347	279
/Users/user/AI創作工房/soul-voice-teller/examples/habits-02/草稿/draft_02-04_点を打つ.md	349	279
/Users/user/AI創作工房/soul-voice-teller/examples/habits-02/草稿/draft_02-04_点を打つ.md	351	281
/Users/user/AI創作工房/soul-voice-teller/examples/habits-02/草稿/draft_02-04_点を打つ.md	353	283
/Users/user/AI創作工房/soul-voice-teller/examples/habits-02/草稿/draft_02-04_点を打つ.md	355	285
/Users/user/AI創作工房/soul-voice-teller/examples/habits-02/草稿/draft_02-04_点を打つ.md	357	285
/Users/user/AI創作工房/soul-voice-teller/examples/habits-02/草稿/draft_02-04_点を打つ.md	359	287
/Users/user/AI創作工房/soul-voice-teller/examples/habits-02/草稿/draft_02-04_点を打つ.md	361	287
/Users/user/AI創作工房/soul-voice-teller/examples/habits-02/草稿/draft_02-04_点を打つ.md	363	289
/Users/user/AI創作工房/soul-voice-teller/examples/habits-02/草稿/draft_02-04_点を打つ.md	365	291
/Users/user/AI創作工房/soul-voice-teller/examples/habits-02/草稿/draft_02-04_点を打つ.md	367	293
/Users/user/AI創作工房/soul-voice-teller/examples/habits-02/草稿/draft_02-04_点を打つ.md	369	295
/Users/user/AI創作工房/soul-voice-teller/examples/habits-02/草稿/draft_02-04_点を打つ.md	371	295
/Users/user/AI創作工房/soul-voice-teller/examples/habits-02/草稿/draft_02-04_点を打つ.md	373	297
/Users/user/AI創作工房/soul-voice-teller/examples/habits-02/草稿/draft_02-04_点を打つ.md	375	299
/Users/user/AI創作工房/soul-voice-teller/examples/habits-02/草稿/draft_02-04_点を打つ.md	377	301
/Users/user/AI創作工房/soul-voice-teller/examples/habits-02/草稿/draft_02-04_点を打つ.md	379	303
/Users/user/AI創作工房/soul-voice-teller/examples/habits-02/草稿/draft_02-04_点を打つ.md	381	305
/Users/user/AI創作工房/soul-voice-teller/examples/habits-02/草稿/draft_02-04_点を打つ.md	383	307
/Users/user/AI創作工房/soul-voice-teller/examples/habits-02/草稿/draft_02-04_点を打つ.md	385	309
/Users/user/AI創作工房/soul-voice-teller/examples/habits-02/草稿/draft_02-04_点を打つ.md	387	311
/Users/user/AI創作工房/soul-voice-teller/examples/habits-02/草稿/draft_02-04_点を打つ.md	389	313
/Users/user/AI創作工房/soul-voice-teller/examples/habits-02/草稿/draft_02-04_点を打つ.md	391	313
/Users/user/AI創作工房/soul-voice-teller/examples/habits-02/草稿/draft_02-04_点を打つ.md	393	313
/Users/user/AI創作工房/soul-voice-teller/examples/habits-02/草稿/draft_02-04_点を打つ.md	395	315
/Users/user/AI創作工房/soul-voice-teller/examples/habits-02/草稿/draft_02-04_点を打つ.md	397	317
/Users/user/AI創作工房/soul-voice-teller/examples/habits-02/草稿/draft_02-04_点を打つ.md	399	319
/Users/user/AI創作工房/soul-voice-teller/examples/habits-02/草稿/draft_02-04_点を打つ.md	401	321
/Users/user/AI創作工房/soul-voice-teller/examples/habits-02/草稿/draft_02-04_点を打つ.md	403	323
/Users/user/AI創作工房/soul-voice-teller/examples/habits-02/草稿/draft_02-04_点を打つ.md	405	323
/Users/user/AI創作工房/soul-voice-teller/examples/habits-02/草稿/draft_02-04_点を打つ.md	407	323
/Users/user/AI創作工房/soul-voice-teller/examples/habits-02/草稿/draft_02-04_点を打つ.md	409	325
/Users/user/AI創作工房/soul-voice-teller/examples/habits-02/草稿/draft_02-04_点を打つ.md	411	327
/Users/user/AI創作工房/soul-voice-teller/examples/habits-02/草稿/draft_02-04_点を打つ.md	413	329
/Users/user/AI創作工房/soul-voice-teller/examples/habits-02/草稿/draft_02-04_点を打つ.md	415	331
/Users/user/AI創作工房/soul-voice-teller/examples/habits-02/草稿/draft_02-04_点を打つ.md	417	333
/Users/user/AI創作工房/soul-voice-teller/examples/habits-02/草稿/draft_02-04_点を打つ.md	419	333
/Users/user/AI創作工房/soul-voice-teller/examples/habits-02/草稿/draft_02-04_点を打つ.md	421	335
/Users/user/AI創作工房/soul-voice-teller/examples/habits-02/草稿/draft_02-04_点を打つ.md	423	337
/Users/user/AI創作工房/soul-voice-teller/examples/habits-02/草稿/draft_02-04_点を打つ.md	425	339
/Users/user/AI創作工房/soul-voice-teller/examples/habits-02/草稿/draft_02-04_点を打つ.md	427	339
/Users/user/AI創作工房/soul-voice-teller/examples/habits-02/草稿/draft_02-04_点を打つ.md	429	341
/Users/user/AI創作工房/soul-voice-teller/examples/habits-02/草稿/draft_02-04_点を打つ.md	431	343
